horizon_sessions,factor,factor_label,target,version,decile,average_target
5,trend_5d,5日趋势,收益,原始,1,0.0028099940215420777
5,trend_5d,5日趋势,收益,原始,2,0.004091084835308885
5,trend_5d,5日趋势,收益,原始,3,0.004137810883045
5,trend_5d,5日趋势,收益,原始,4,0.003076765614159212
5,trend_5d,5日趋势,收益,原始,5,0.003301587699482281
5,trend_5d,5日趋势,收益,原始,6,0.002614910272141251
5,trend_5d,5日趋势,收益,原始,7,0.0023596084782450477
5,trend_5d,5日趋势,收益,原始,8,0.0023964085888030346
5,trend_5d,5日趋势,收益,原始,9,0.0010919496390008525
5,trend_5d,5日趋势,收益,原始,10,0.0025906996008421704
5,trend_5d,5日趋势,收益,中性化,1,0.002932851604014406
5,trend_5d,5日趋势,收益,中性化,2,0.004181608323407479
5,trend_5d,5日趋势,收益,中性化,3,0.003846242370888771
5,trend_5d,5日趋势,收益,中性化,4,0.004340373739703222
5,trend_5d,5日趋势,收益,中性化,5,0.0025212279297357845
5,trend_5d,5日趋势,收益,中性化,6,0.0029679450402525813
5,trend_5d,5日趋势,收益,中性化,7,0.0019328687111229944
5,trend_5d,5日趋势,收益,中性化,8,0.0014355110475392022
5,trend_5d,5日趋势,收益,中性化,9,0.0018719455328971447
5,trend_5d,5日趋势,收益,中性化,10,0.0020080226357721163
5,trend_20d,20日趋势,收益,原始,1,0.002758013606659823
5,trend_20d,20日趋势,收益,原始,2,0.0025096656433529606
5,trend_20d,20日趋势,收益,原始,3,0.003180832224975483
5,trend_20d,20日趋势,收益,原始,4,0.0029366228593015525
5,trend_20d,20日趋势,收益,原始,5,0.00263923569919603
5,trend_20d,20日趋势,收益,原始,6,0.0024534321658714166
5,trend_20d,20日趋势,收益,原始,7,0.0034219726251184177
5,trend_20d,20日趋势,收益,原始,8,0.002284804377088948
5,trend_20d,20日趋势,收益,原始,9,0.0030133745821863075
5,trend_20d,20日趋势,收益,原始,10,0.002873434324585443
5,trend_20d,20日趋势,收益,中性化,1,0.0022623525029320793
5,trend_20d,20日趋势,收益,中性化,2,0.0033456657127217304
5,trend_20d,20日趋势,收益,中性化,3,0.002443067334760058
5,trend_20d,20日趋势,收益,中性化,4,0.003623066210993705
5,trend_20d,20日趋势,收益,中性化,5,0.0033285859832165106
5,trend_20d,20日趋势,收益,中性化,6,0.0030843039109291147
5,trend_20d,20日趋势,收益,中性化,7,0.002410352739313952
5,trend_20d,20日趋势,收益,中性化,8,0.002792999501571396
5,trend_20d,20日趋势,收益,中性化,9,0.002048027349063963
5,trend_20d,20日趋势,收益,中性化,10,0.002354270305459751
5,trend_60_ex_20,60日剔除近20日趋势,收益,原始,1,0.0022430207086690706
5,trend_60_ex_20,60日剔除近20日趋势,收益,原始,2,0.0027567763914736866
5,trend_60_ex_20,60日剔除近20日趋势,收益,原始,3,0.0032871705071571885
5,trend_60_ex_20,60日剔除近20日趋势,收益,原始,4,0.00291763712505297
5,trend_60_ex_20,60日剔除近20日趋势,收益,原始,5,0.004637337089498315
5,trend_60_ex_20,60日剔除近20日趋势,收益,原始,6,0.003376414327732608
5,trend_60_ex_20,60日剔除近20日趋势,收益,原始,7,0.003678482378107228
5,trend_60_ex_20,60日剔除近20日趋势,收益,原始,8,0.002000192127637142
5,trend_60_ex_20,60日剔除近20日趋势,收益,原始,9,0.002053048713875751
5,trend_60_ex_20,60日剔除近20日趋势,收益,原始,10,0.001064789388072991
5,trend_60_ex_20,60日剔除近20日趋势,收益,中性化,1,0.0022472743845244336
5,trend_60_ex_20,60日剔除近20日趋势,收益,中性化,2,0.0035995932789172035
5,trend_60_ex_20,60日剔除近20日趋势,收益,中性化,3,0.00330083331581893
5,trend_60_ex_20,60日剔除近20日趋势,收益,中性化,4,0.003015280663590623
5,trend_60_ex_20,60日剔除近20日趋势,收益,中性化,5,0.003938939771361813
5,trend_60_ex_20,60日剔除近20日趋势,收益,中性化,6,0.003059549809896037
5,trend_60_ex_20,60日剔除近20日趋势,收益,中性化,7,0.002758784179934242
5,trend_60_ex_20,60日剔除近20日趋势,收益,中性化,8,0.002058981009122855
5,trend_60_ex_20,60日剔除近20日趋势,收益,中性化,9,0.0015856527170355678
5,trend_60_ex_20,60日剔除近20日趋势,收益,中性化,10,0.002081876242058481
5,trend_120_ex_20,120日剔除近20日趋势,收益,原始,1,0.0025307850609168326
5,trend_120_ex_20,120日剔除近20日趋势,收益,原始,2,0.001908326788508088
5,trend_120_ex_20,120日剔除近20日趋势,收益,原始,3,0.002385099772977796
5,trend_120_ex_20,120日剔除近20日趋势,收益,原始,4,0.0033294157591651653
5,trend_120_ex_20,120日剔除近20日趋势,收益,原始,5,0.003051712969697584
5,trend_120_ex_20,120日剔除近20日趋势,收益,原始,6,0.002943878763358697
5,trend_120_ex_20,120日剔除近20日趋势,收益,原始,7,0.0024151999840362516
5,trend_120_ex_20,120日剔除近20日趋势,收益,原始,8,0.003235884062522877
5,trend_120_ex_20,120日剔除近20日趋势,收益,原始,9,0.003935201990430867
5,trend_120_ex_20,120日剔除近20日趋势,收益,原始,10,0.002602247704167216
5,trend_120_ex_20,120日剔除近20日趋势,收益,中性化,1,0.0027056109067637294
5,trend_120_ex_20,120日剔除近20日趋势,收益,中性化,2,0.003406681856658881
5,trend_120_ex_20,120日剔除近20日趋势,收益,中性化,3,0.0012638403902852126
5,trend_120_ex_20,120日剔除近20日趋势,收益,中性化,4,0.0017115099362288333
5,trend_120_ex_20,120日剔除近20日趋势,收益,中性化,5,0.002622445318046056
5,trend_120_ex_20,120日剔除近20日趋势,收益,中性化,6,0.004358273193422306
5,trend_120_ex_20,120日剔除近20日趋势,收益,中性化,7,0.003034835176694165
5,trend_120_ex_20,120日剔除近20日趋势,收益,中性化,8,0.0024978226596007675
5,trend_120_ex_20,120日剔除近20日趋势,收益,中性化,9,0.0028153549430088207
5,trend_120_ex_20,120日剔除近20日趋势,收益,中性化,10,0.0036767708677549874
5,value_bp,账面市值比（BP）,收益,原始,1,0.00274753432168256
5,value_bp,账面市值比（BP）,收益,原始,2,0.001488011619306687
5,value_bp,账面市值比（BP）,收益,原始,3,0.0023301032919070424
5,value_bp,账面市值比（BP）,收益,原始,4,0.0028241194472123795
5,value_bp,账面市值比（BP）,收益,原始,5,0.002380219562541431
5,value_bp,账面市值比（BP）,收益,原始,6,0.0028218061124395157
5,value_bp,账面市值比（BP）,收益,原始,7,0.0034100989997593017
5,value_bp,账面市值比（BP）,收益,原始,8,0.0024241894243061494
5,value_bp,账面市值比（BP）,收益,原始,9,0.004076945838781483
5,value_bp,账面市值比（BP）,收益,原始,10,0.0034900104082903863
5,value_bp,账面市值比（BP）,收益,中性化,1,0.003344910032520866
5,value_bp,账面市值比（BP）,收益,中性化,2,0.004022084725393831
5,value_bp,账面市值比（BP）,收益,中性化,3,0.002476830029155453
5,value_bp,账面市值比（BP）,收益,中性化,4,0.0031835360397281473
5,value_bp,账面市值比（BP）,收益,中性化,5,0.0022978616275983617
5,value_bp,账面市值比（BP）,收益,中性化,6,0.0021012860759721777
5,value_bp,账面市值比（BP）,收益,中性化,7,0.0018610193820276283
5,value_bp,账面市值比（BP）,收益,中性化,8,0.0027974328782041295
5,value_bp,账面市值比（BP）,收益,中性化,9,0.0026025784926760613
5,value_bp,账面市值比（BP）,收益,中性化,10,0.003266179791852964
5,value_ep,盈利收益率（EP）,收益,原始,1,0.0011559543728255327
5,value_ep,盈利收益率（EP）,收益,原始,2,0.0032598316786917807
5,value_ep,盈利收益率（EP）,收益,原始,3,0.0027261981778651475
5,value_ep,盈利收益率（EP）,收益,原始,4,0.0028816417850899326
5,value_ep,盈利收益率（EP）,收益,原始,5,0.003111437612281413
5,value_ep,盈利收益率（EP）,收益,原始,6,0.002290705201303105
5,value_ep,盈利收益率（EP）,收益,原始,7,0.0031084672104256758
5,value_ep,盈利收益率（EP）,收益,原始,8,0.002350151560208106
5,value_ep,盈利收益率（EP）,收益,原始,9,0.0025139923779035965
5,value_ep,盈利收益率（EP）,收益,原始,10,0.0019349216734900676
5,value_ep,盈利收益率（EP）,收益,中性化,1,0.003163886086218196
5,value_ep,盈利收益率（EP）,收益,中性化,2,0.0027608061995566713
5,value_ep,盈利收益率（EP）,收益,中性化,3,0.002658903165579796
5,value_ep,盈利收益率（EP）,收益,中性化,4,0.003226865045834621
5,value_ep,盈利收益率（EP）,收益,中性化,5,0.0019660076257822703
5,value_ep,盈利收益率（EP）,收益,中性化,6,0.0008877782441739027
5,value_ep,盈利收益率（EP）,收益,中性化,7,0.0032422345544971783
5,value_ep,盈利收益率（EP）,收益,中性化,8,0.0024278351572279474
5,value_ep,盈利收益率（EP）,收益,中性化,9,0.0031069401795254356
5,value_ep,盈利收益率（EP）,收益,中性化,10,0.0019047651698961326
5,liquidity_turnover_20d,20日平均换手率,收益,原始,1,0.003638196435161791
5,liquidity_turnover_20d,20日平均换手率,收益,原始,2,0.0028672242373539453
5,liquidity_turnover_20d,20日平均换手率,收益,原始,3,0.0019775430813881887
5,liquidity_turnover_20d,20日平均换手率,收益,原始,4,0.00391709980341151
5,liquidity_turnover_20d,20日平均换手率,收益,原始,5,0.0021007929121298137
5,liquidity_turnover_20d,20日平均换手率,收益,原始,6,0.0033257666782150874
5,liquidity_turnover_20d,20日平均换手率,收益,原始,7,0.0027736938750756333
5,liquidity_turnover_20d,20日平均换手率,收益,原始,8,0.003860514421751948
5,liquidity_turnover_20d,20日平均换手率,收益,原始,9,0.003324925887605671
5,liquidity_turnover_20d,20日平均换手率,收益,原始,10,0.000459520258784258
5,liquidity_turnover_20d,20日平均换手率,收益,中性化,1,0.003934098802457281
5,liquidity_turnover_20d,20日平均换手率,收益,中性化,2,0.003969229983917342
5,liquidity_turnover_20d,20日平均换手率,收益,中性化,3,0.0031408269877302385
5,liquidity_turnover_20d,20日平均换手率,收益,中性化,4,0.003064200928079173
5,liquidity_turnover_20d,20日平均换手率,收益,中性化,5,0.0021776252395657703
5,liquidity_turnover_20d,20日平均换手率,收益,中性化,6,0.0018818175750912676
5,liquidity_turnover_20d,20日平均换手率,收益,中性化,7,0.0023317075151382542
5,liquidity_turnover_20d,20日平均换手率,收益,中性化,8,0.0024230875233481235
5,liquidity_turnover_20d,20日平均换手率,收益,中性化,9,0.0029807081820891444
5,liquidity_turnover_20d,20日平均换手率,收益,中性化,10,0.002234547007703834
5,crowding_max_return_20d,20日最大单日涨幅,收益,原始,1,0.0029609615542435016
5,crowding_max_return_20d,20日最大单日涨幅,收益,原始,2,0.003212333197434657
5,crowding_max_return_20d,20日最大单日涨幅,收益,原始,3,0.0037475955545539542
5,crowding_max_return_20d,20日最大单日涨幅,收益,原始,4,0.0034218514010169393
5,crowding_max_return_20d,20日最大单日涨幅,收益,原始,5,0.0035134322889839825
5,crowding_max_return_20d,20日最大单日涨幅,收益,原始,6,0.00302863480442969
5,crowding_max_return_20d,20日最大单日涨幅,收益,原始,7,0.002751828608302709
5,crowding_max_return_20d,20日最大单日涨幅,收益,原始,8,0.0022098279864037522
5,crowding_max_return_20d,20日最大单日涨幅,收益,原始,9,0.002027108364432067
5,crowding_max_return_20d,20日最大单日涨幅,收益,原始,10,0.0018286343678514442
5,crowding_max_return_20d,20日最大单日涨幅,收益,中性化,1,0.0029428586167844005
5,crowding_max_return_20d,20日最大单日涨幅,收益,中性化,2,0.002962791288242553
5,crowding_max_return_20d,20日最大单日涨幅,收益,中性化,3,0.0028129962195003032
5,crowding_max_return_20d,20日最大单日涨幅,收益,中性化,4,0.0030978772071530644
5,crowding_max_return_20d,20日最大单日涨幅,收益,中性化,5,0.0035042282203980478
5,crowding_max_return_20d,20日最大单日涨幅,收益,中性化,6,0.0014173559252175826
5,crowding_max_return_20d,20日最大单日涨幅,收益,中性化,7,0.0026227214019091593
5,crowding_max_return_20d,20日最大单日涨幅,收益,中性化,8,0.0031214664034095764
5,crowding_max_return_20d,20日最大单日涨幅,收益,中性化,9,0.00293764619599662
5,crowding_max_return_20d,20日最大单日涨幅,收益,中性化,10,0.002691848674526641
5,risk_volatility_20d,20日波动率风险,回撤风险,原始,1,0.015641272959782616
5,risk_volatility_20d,20日波动率风险,回撤风险,原始,2,0.018780143058371068
5,risk_volatility_20d,20日波动率风险,回撤风险,原始,3,0.02028941830849254
5,risk_volatility_20d,20日波动率风险,回撤风险,原始,4,0.023126144171990066
5,risk_volatility_20d,20日波动率风险,回撤风险,原始,5,0.0242726332629984
5,risk_volatility_20d,20日波动率风险,回撤风险,原始,6,0.02574106924556178
5,risk_volatility_20d,20日波动率风险,回撤风险,原始,7,0.027506152932867026
5,risk_volatility_20d,20日波动率风险,回撤风险,原始,8,0.03057697281855266
5,risk_volatility_20d,20日波动率风险,回撤风险,原始,9,0.03326817762987599
5,risk_volatility_20d,20日波动率风险,回撤风险,原始,10,0.040666055349400536
5,risk_volatility_20d,20日波动率风险,回撤风险,中性化,1,0.019035683509669422
5,risk_volatility_20d,20日波动率风险,回撤风险,中性化,2,0.020538158016983107
5,risk_volatility_20d,20日波动率风险,回撤风险,中性化,3,0.022067124337249586
5,risk_volatility_20d,20日波动率风险,回撤风险,中性化,4,0.022501389901359244
5,risk_volatility_20d,20日波动率风险,回撤风险,中性化,5,0.02369852415478723
5,risk_volatility_20d,20日波动率风险,回撤风险,中性化,6,0.024972990973300156
5,risk_volatility_20d,20日波动率风险,回撤风险,中性化,7,0.02614700386718283
5,risk_volatility_20d,20日波动率风险,回撤风险,中性化,8,0.029198972108152935
5,risk_volatility_20d,20日波动率风险,回撤风险,中性化,9,0.03178817435036808
5,risk_volatility_20d,20日波动率风险,回撤风险,中性化,10,0.03993908729680045
5,risk_volatility_60d,60日波动率风险,回撤风险,原始,1,0.015451642910035328
5,risk_volatility_60d,60日波动率风险,回撤风险,原始,2,0.01904640647123343
5,risk_volatility_60d,60日波动率风险,回撤风险,原始,3,0.021140992077306624
5,risk_volatility_60d,60日波动率风险,回撤风险,原始,4,0.022447849140451642
5,risk_volatility_60d,60日波动率风险,回撤风险,原始,5,0.024769798116814196
5,risk_volatility_60d,60日波动率风险,回撤风险,原始,6,0.026226506671788663
5,risk_volatility_60d,60日波动率风险,回撤风险,原始,7,0.02737281739528992
5,risk_volatility_60d,60日波动率风险,回撤风险,原始,8,0.030235739955097034
5,risk_volatility_60d,60日波动率风险,回撤风险,原始,9,0.03282634369209524
5,risk_volatility_60d,60日波动率风险,回撤风险,原始,10,0.040352947952259036
5,risk_volatility_60d,60日波动率风险,回撤风险,中性化,1,0.01836670032696351
5,risk_volatility_60d,60日波动率风险,回撤风险,中性化,2,0.020268764659495488
5,risk_volatility_60d,60日波动率风险,回撤风险,中性化,3,0.021994090529205434
5,risk_volatility_60d,60日波动率风险,回撤风险,中性化,4,0.02311702445874305
5,risk_volatility_60d,60日波动率风险,回撤风险,中性化,5,0.024108851615753865
5,risk_volatility_60d,60日波动率风险,回撤风险,中性化,6,0.025284922366611663
5,risk_volatility_60d,60日波动率风险,回撤风险,中性化,7,0.02639153882011526
5,risk_volatility_60d,60日波动率风险,回撤风险,中性化,8,0.02859836698325406
5,risk_volatility_60d,60日波动率风险,回撤风险,中性化,9,0.03248604969569518
5,risk_volatility_60d,60日波动率风险,回撤风险,中性化,10,0.03932113361952871
5,risk_drawdown_60d,距60日高点回撤风险,回撤风险,原始,1,0.030158487145792546
5,risk_drawdown_60d,距60日高点回撤风险,回撤风险,原始,2,0.02520942519614262
5,risk_drawdown_60d,距60日高点回撤风险,回撤风险,原始,3,0.02503446608990341
5,risk_drawdown_60d,距60日高点回撤风险,回撤风险,原始,4,0.023889351308585233
5,risk_drawdown_60d,距60日高点回撤风险,回撤风险,原始,5,0.023853636336116684
5,risk_drawdown_60d,距60日高点回撤风险,回撤风险,原始,6,0.024195408410369778
5,risk_drawdown_60d,距60日高点回撤风险,回撤风险,原始,7,0.02484068138385934
5,risk_drawdown_60d,距60日高点回撤风险,回撤风险,原始,8,0.02573666541386069
5,risk_drawdown_60d,距60日高点回撤风险,回撤风险,原始,9,0.02710598873104526
5,risk_drawdown_60d,距60日高点回撤风险,回撤风险,原始,10,0.029969751154622665
5,risk_drawdown_60d,距60日高点回撤风险,回撤风险,中性化,1,0.03009394107195577
5,risk_drawdown_60d,距60日高点回撤风险,回撤风险,中性化,2,0.02580689220993451
5,risk_drawdown_60d,距60日高点回撤风险,回撤风险,中性化,3,0.024495392340349587
5,risk_drawdown_60d,距60日高点回撤风险,回撤风险,中性化,4,0.024171277091765236
5,risk_drawdown_60d,距60日高点回撤风险,回撤风险,中性化,5,0.023897923848351887
5,risk_drawdown_60d,距60日高点回撤风险,回撤风险,中性化,6,0.024862758394075587
5,risk_drawdown_60d,距60日高点回撤风险,回撤风险,中性化,7,0.024560962365706714
5,risk_drawdown_60d,距60日高点回撤风险,回撤风险,中性化,8,0.02541750313349314
5,risk_drawdown_60d,距60日高点回撤风险,回撤风险,中性化,9,0.026890172693663908
5,risk_drawdown_60d,距60日高点回撤风险,回撤风险,中性化,10,0.029873458057589907
5,risk_max_return_20d,20日最大单日涨幅风险,回撤风险,原始,1,0.01713927655912893
5,risk_max_return_20d,20日最大单日涨幅风险,回撤风险,原始,2,0.019358135030041333
5,risk_max_return_20d,20日最大单日涨幅风险,回撤风险,原始,3,0.021264874225440645
5,risk_max_return_20d,20日最大单日涨幅风险,回撤风险,原始,4,0.023061944923525722
5,risk_max_return_20d,20日最大单日涨幅风险,回撤风险,原始,5,0.024685144788230553
5,risk_max_return_20d,20日最大单日涨幅风险,回撤风险,原始,6,0.02630428766227711
5,risk_max_return_20d,20日最大单日涨幅风险,回撤风险,原始,7,0.027805804075938766
5,risk_max_return_20d,20日最大单日涨幅风险,回撤风险,原始,8,0.030134798947647135
5,risk_max_return_20d,20日最大单日涨幅风险,回撤风险,原始,9,0.032575112960520035
5,risk_max_return_20d,20日最大单日涨幅风险,回撤风险,原始,10,0.03761580609699579
5,risk_max_return_20d,20日最大单日涨幅风险,回撤风险,中性化,1,0.021067280573470668
5,risk_max_return_20d,20日最大单日涨幅风险,回撤风险,中性化,2,0.021203130401683642
5,risk_max_return_20d,20日最大单日涨幅风险,回撤风险,中性化,3,0.021621874698441863
5,risk_max_return_20d,20日最大单日涨幅风险,回撤风险,中性化,4,0.022881141378837126
5,risk_max_return_20d,20日最大单日涨幅风险,回撤风险,中性化,5,0.023884978724229126
5,risk_max_return_20d,20日最大单日涨幅风险,回撤风险,中性化,6,0.025324572237549338
5,risk_max_return_20d,20日最大单日涨幅风险,回撤风险,中性化,7,0.026800602047938334
5,risk_max_return_20d,20日最大单日涨幅风险,回撤风险,中性化,8,0.028956933015571285
5,risk_max_return_20d,20日最大单日涨幅风险,回撤风险,中性化,9,0.03155465605539189
5,risk_max_return_20d,20日最大单日涨幅风险,回撤风险,中性化,10,0.036685391199378074
5,risk_downside_volatility_60d,60日下行波动率风险,回撤风险,原始,1,0.0179159082513094
5,risk_downside_volatility_60d,60日下行波动率风险,回撤风险,原始,2,0.02072477188278296
5,risk_downside_volatility_60d,60日下行波动率风险,回撤风险,原始,3,0.02242288024345432
5,risk_downside_volatility_60d,60日下行波动率风险,回撤风险,原始,4,0.02349941677394278
5,risk_downside_volatility_60d,60日下行波动率风险,回撤风险,原始,5,0.025071585651506082
5,risk_downside_volatility_60d,60日下行波动率风险,回撤风险,原始,6,0.026267802967923484
5,risk_downside_volatility_60d,60日下行波动率风险,回撤风险,原始,7,0.027886814160142513
5,risk_downside_volatility_60d,60日下行波动率风险,回撤风险,原始,8,0.028864032079341316
5,risk_downside_volatility_60d,60日下行波动率风险,回撤风险,原始,9,0.030500449362606832
5,risk_downside_volatility_60d,60日下行波动率风险,回撤风险,原始,10,0.036602596256029046
5,risk_downside_volatility_60d,60日下行波动率风险,回撤风险,中性化,1,0.021005751826928733
5,risk_downside_volatility_60d,60日下行波动率风险,回撤风险,中性化,2,0.021721806500366796
5,risk_downside_volatility_60d,60日下行波动率风险,回撤风险,中性化,3,0.023258873943014336
5,risk_downside_volatility_60d,60日下行波动率风险,回撤风险,中性化,4,0.02350793777709119
5,risk_downside_volatility_60d,60日下行波动率风险,回撤风险,中性化,5,0.02409049544471419
5,risk_downside_volatility_60d,60日下行波动率风险,回撤风险,中性化,6,0.025722791026456734
5,risk_downside_volatility_60d,60日下行波动率风险,回撤风险,中性化,7,0.026671359965484705
5,risk_downside_volatility_60d,60日下行波动率风险,回撤风险,中性化,8,0.028010860564850495
5,risk_downside_volatility_60d,60日下行波动率风险,回撤风险,中性化,9,0.029774102944609776
5,risk_downside_volatility_60d,60日下行波动率风险,回撤风险,中性化,10,0.036058996019213974
5,risk_residual_volatility_60d,60日残差波动率风险,回撤风险,原始,1,0.01610795208548577
5,risk_residual_volatility_60d,60日残差波动率风险,回撤风险,原始,2,0.019333242361079486
5,risk_residual_volatility_60d,60日残差波动率风险,回撤风险,原始,3,0.020931775931687626
5,risk_residual_volatility_60d,60日残差波动率风险,回撤风险,原始,4,0.023052438988127075
5,risk_residual_volatility_60d,60日残差波动率风险,回撤风险,原始,5,0.024394993468179624
5,risk_residual_volatility_60d,60日残差波动率风险,回撤风险,原始,6,0.0257378139280186
5,risk_residual_volatility_60d,60日残差波动率风险,回撤风险,原始,7,0.02805647244373872
5,risk_residual_volatility_60d,60日残差波动率风险,回撤风险,原始,8,0.02958270036806081
5,risk_residual_volatility_60d,60日残差波动率风险,回撤风险,原始,9,0.03275372196103959
5,risk_residual_volatility_60d,60日残差波动率风险,回撤风险,原始,10,0.03991238144053724
5,risk_residual_volatility_60d,60日残差波动率风险,回撤风险,中性化,1,0.01877116830820886
5,risk_residual_volatility_60d,60日残差波动率风险,回撤风险,中性化,2,0.0201752817327059
5,risk_residual_volatility_60d,60日残差波动率风险,回撤风险,中性化,3,0.02199061587970534
5,risk_residual_volatility_60d,60日残差波动率风险,回撤风险,中性化,4,0.022695501418972943
5,risk_residual_volatility_60d,60日残差波动率风险,回撤风险,中性化,5,0.024687693777191058
5,risk_residual_volatility_60d,60日残差波动率风险,回撤风险,中性化,6,0.02590451919635136
5,risk_residual_volatility_60d,60日残差波动率风险,回撤风险,中性化,7,0.02652069782561419
5,risk_residual_volatility_60d,60日残差波动率风险,回撤风险,中性化,8,0.02796126939083903
5,risk_residual_volatility_60d,60日残差波动率风险,回撤风险,中性化,9,0.031614637368644956
5,risk_residual_volatility_60d,60日残差波动率风险,回撤风险,中性化,10,0.03960048634821489
5,risk_liquidity_pressure_60d,60日流动性压力,回撤风险,原始,1,0.030018044994757756
5,risk_liquidity_pressure_60d,60日流动性压力,回撤风险,原始,2,0.029087375688066113
5,risk_liquidity_pressure_60d,60日流动性压力,回撤风险,原始,3,0.027679835870603804
5,risk_liquidity_pressure_60d,60日流动性压力,回撤风险,原始,4,0.0258641408785062
5,risk_liquidity_pressure_60d,60日流动性压力,回撤风险,原始,5,0.025819717118880644
5,risk_liquidity_pressure_60d,60日流动性压力,回撤风险,原始,6,0.025103179212752808
5,risk_liquidity_pressure_60d,60日流动性压力,回撤风险,原始,7,0.024801331290626696
5,risk_liquidity_pressure_60d,60日流动性压力,回撤风险,原始,8,0.023931652711836282
5,risk_liquidity_pressure_60d,60日流动性压力,回撤风险,原始,9,0.024316531282356352
5,risk_liquidity_pressure_60d,60日流动性压力,回撤风险,原始,10,0.023266789823566614
5,risk_liquidity_pressure_60d,60日流动性压力,回撤风险,中性化,1,0.031926893458873846
5,risk_liquidity_pressure_60d,60日流动性压力,回撤风险,中性化,2,0.028004119675734546
5,risk_liquidity_pressure_60d,60日流动性压力,回撤风险,中性化,3,0.025700676268069673
5,risk_liquidity_pressure_60d,60日流动性压力,回撤风险,中性化,4,0.025550367800187428
5,risk_liquidity_pressure_60d,60日流动性压力,回撤风险,中性化,5,0.025570752645178836
5,risk_liquidity_pressure_60d,60日流动性压力,回撤风险,中性化,6,0.024872405871457497
5,risk_liquidity_pressure_60d,60日流动性压力,回撤风险,中性化,7,0.024566847468709557
5,risk_liquidity_pressure_60d,60日流动性压力,回撤风险,中性化,8,0.024277006590395216
5,risk_liquidity_pressure_60d,60日流动性压力,回撤风险,中性化,9,0.02483938369073327
5,risk_liquidity_pressure_60d,60日流动性压力,回撤风险,中性化,10,0.024624971576733375
5,risk_cvar_60d,60日尾部损失（CVaR）,回撤风险,原始,1,0.017737984044071262
5,risk_cvar_60d,60日尾部损失（CVaR）,回撤风险,原始,2,0.02039649338051236
5,risk_cvar_60d,60日尾部损失（CVaR）,回撤风险,原始,3,0.022346268374293623
5,risk_cvar_60d,60日尾部损失（CVaR）,回撤风险,原始,4,0.023881115833176467
5,risk_cvar_60d,60日尾部损失（CVaR）,回撤风险,原始,5,0.0251502095861345
5,risk_cvar_60d,60日尾部损失（CVaR）,回撤风险,原始,6,0.026262555878364548
5,risk_cvar_60d,60日尾部损失（CVaR）,回撤风险,原始,7,0.02730674788449301
5,risk_cvar_60d,60日尾部损失（CVaR）,回撤风险,原始,8,0.02922929963420619
5,risk_cvar_60d,60日尾部损失（CVaR）,回撤风险,原始,9,0.03065084636877517
5,risk_cvar_60d,60日尾部损失（CVaR）,回撤风险,原始,10,0.03583366180244407
5,risk_cvar_60d,60日尾部损失（CVaR）,回撤风险,中性化,1,0.020942434213635237
5,risk_cvar_60d,60日尾部损失（CVaR）,回撤风险,中性化,2,0.021567873482918266
5,risk_cvar_60d,60日尾部损失（CVaR）,回撤风险,中性化,3,0.022898361732954807
5,risk_cvar_60d,60日尾部损失（CVaR）,回撤风险,中性化,4,0.023640533072850377
5,risk_cvar_60d,60日尾部损失（CVaR）,回撤风险,中性化,5,0.024104100752010988
5,risk_cvar_60d,60日尾部损失（CVaR）,回撤风险,中性化,6,0.025723684977240983
5,risk_cvar_60d,60日尾部损失（CVaR）,回撤风险,中性化,7,0.02677703646692733
5,risk_cvar_60d,60日尾部损失（CVaR）,回撤风险,中性化,8,0.02765929245958996
5,risk_cvar_60d,60日尾部损失（CVaR）,回撤风险,中性化,9,0.03016482170453632
5,risk_cvar_60d,60日尾部损失（CVaR）,回撤风险,中性化,10,0.03531276943669354
20,trend_5d,5日趋势,收益,原始,1,0.007173533076428045
20,trend_5d,5日趋势,收益,原始,2,0.009938648405928136
20,trend_5d,5日趋势,收益,原始,3,0.011523947905012023
20,trend_5d,5日趋势,收益,原始,4,0.010724004876118683
20,trend_5d,5日趋势,收益,原始,5,0.012251324037726814
20,trend_5d,5日趋势,收益,原始,6,0.007370414576034399
20,trend_5d,5日趋势,收益,原始,7,0.0073302678105199555
20,trend_5d,5日趋势,收益,原始,8,0.00967657673202371
20,trend_5d,5日趋势,收益,原始,9,0.015159177828769858
20,trend_5d,5日趋势,收益,原始,10,0.0065054338160882245
20,trend_5d,5日趋势,收益,中性化,1,0.008351045364884353
20,trend_5d,5日趋势,收益,中性化,2,0.009802668499391713
20,trend_5d,5日趋势,收益,中性化,3,0.014008220569691173
20,trend_5d,5日趋势,收益,中性化,4,0.00852019560843743
20,trend_5d,5日趋势,收益,中性化,5,0.00898787859158169
20,trend_5d,5日趋势,收益,中性化,6,0.011384841189606172
20,trend_5d,5日趋势,收益,中性化,7,0.005685693426937559
20,trend_5d,5日趋势,收益,中性化,8,0.012598587344347297
20,trend_5d,5日趋势,收益,中性化,9,0.008797655027604337
20,trend_5d,5日趋势,收益,中性化,10,0.007708541885741758
20,trend_20d,20日趋势,收益,原始,1,0.016900177569056048
20,trend_20d,20日趋势,收益,原始,2,0.010750063559155035
20,trend_20d,20日趋势,收益,原始,3,0.009792550454731777
20,trend_20d,20日趋势,收益,原始,4,0.009402859382248267
20,trend_20d,20日趋势,收益,原始,5,0.008629888508194294
20,trend_20d,20日趋势,收益,原始,6,0.009373957796842353
20,trend_20d,20日趋势,收益,原始,7,0.007244049313771537
20,trend_20d,20日趋势,收益,原始,8,0.009243179177553537
20,trend_20d,20日趋势,收益,原始,9,0.008275985366297974
20,trend_20d,20日趋势,收益,原始,10,0.006086115228819171
20,trend_20d,20日趋势,收益,中性化,1,0.012266516109916402
20,trend_20d,20日趋势,收益,中性化,2,0.00933522499332902
20,trend_20d,20日趋势,收益,中性化,3,0.012820602494282301
20,trend_20d,20日趋势,收益,中性化,4,0.007601093530568724
20,trend_20d,20日趋势,收益,中性化,5,0.01258496036482582
20,trend_20d,20日趋势,收益,中性化,6,0.008942358352698783
20,trend_20d,20日趋势,收益,中性化,7,0.008039171553686723
20,trend_20d,20日趋势,收益,中性化,8,0.004898534362474825
20,trend_20d,20日趋势,收益,中性化,9,0.008572264377897912
20,trend_20d,20日趋势,收益,中性化,10,0.009114944794730552
20,trend_60_ex_20,60日剔除近20日趋势,收益,原始,1,0.005278206610482884
20,trend_60_ex_20,60日剔除近20日趋势,收益,原始,2,0.009567261076749597
20,trend_60_ex_20,60日剔除近20日趋势,收益,原始,3,0.007299358847489818
20,trend_60_ex_20,60日剔除近20日趋势,收益,原始,4,0.012491346353066556
20,trend_60_ex_20,60日剔除近20日趋势,收益,原始,5,0.014943173995760907
20,trend_60_ex_20,60日剔除近20日趋势,收益,原始,6,0.013921975798638072
20,trend_60_ex_20,60日剔除近20日趋势,收益,原始,7,0.011174767019959772
20,trend_60_ex_20,60日剔除近20日趋势,收益,原始,8,0.007071034079974119
20,trend_60_ex_20,60日剔除近20日趋势,收益,原始,9,0.007894159014398324
20,trend_60_ex_20,60日剔除近20日趋势,收益,原始,10,0.005476213898931003
20,trend_60_ex_20,60日剔除近20日趋势,收益,中性化,1,0.011378337366631856
20,trend_60_ex_20,60日剔除近20日趋势,收益,中性化,2,0.0062371990112543305
20,trend_60_ex_20,60日剔除近20日趋势,收益,中性化,3,0.010126799978669497
20,trend_60_ex_20,60日剔除近20日趋势,收益,中性化,4,0.011597896986919166
20,trend_60_ex_20,60日剔除近20日趋势,收益,中性化,5,0.01569335978120365
20,trend_60_ex_20,60日剔除近20日趋势,收益,中性化,6,0.01079051926877244
20,trend_60_ex_20,60日剔除近20日趋势,收益,中性化,7,0.00607673040641326
20,trend_60_ex_20,60日剔除近20日趋势,收益,中性化,8,0.008602470710812448
20,trend_60_ex_20,60日剔除近20日趋势,收益,中性化,9,0.005566947384320402
20,trend_60_ex_20,60日剔除近20日趋势,收益,中性化,10,0.007291837691643973
20,trend_120_ex_20,120日剔除近20日趋势,收益,原始,1,0.0064962330428459565
20,trend_120_ex_20,120日剔除近20日趋势,收益,原始,2,0.006848582824278887
20,trend_120_ex_20,120日剔除近20日趋势,收益,原始,3,0.006948642786753781
20,trend_120_ex_20,120日剔除近20日趋势,收益,原始,4,0.012565030886917863
20,trend_120_ex_20,120日剔除近20日趋势,收益,原始,5,0.011364924453241929
20,trend_120_ex_20,120日剔除近20日趋势,收益,原始,6,0.005846507892020105
20,trend_120_ex_20,120日剔除近20日趋势,收益,原始,7,0.0103407016530112
20,trend_120_ex_20,120日剔除近20日趋势,收益,原始,8,0.015261365402801956
20,trend_120_ex_20,120日剔除近20日趋势,收益,原始,9,0.00941925231534655
20,trend_120_ex_20,120日剔除近20日趋势,收益,原始,10,0.011666138068249293
20,trend_120_ex_20,120日剔除近20日趋势,收益,中性化,1,0.010150372187216448
20,trend_120_ex_20,120日剔除近20日趋势,收益,中性化,2,0.004203424154555794
20,trend_120_ex_20,120日剔除近20日趋势,收益,中性化,3,0.008834804954256552
20,trend_120_ex_20,120日剔除近20日趋势,收益,中性化,4,0.0073366779878318205
20,trend_120_ex_20,120日剔除近20日趋势,收益,中性化,5,0.008316885415316227
20,trend_120_ex_20,120日剔除近20日趋势,收益,中性化,6,0.01099856502297754
20,trend_120_ex_20,120日剔除近20日趋势,收益,中性化,7,0.011506918899842131
20,trend_120_ex_20,120日剔除近20日趋势,收益,中性化,8,0.010238070074905565
20,trend_120_ex_20,120日剔除近20日趋势,收益,中性化,9,0.008128882802595164
20,trend_120_ex_20,120日剔除近20日趋势,收益,中性化,10,0.01581923764264996
20,value_bp,账面市值比（BP）,收益,原始,1,0.006444527641599681
20,value_bp,账面市值比（BP）,收益,原始,2,0.006267483145554491
20,value_bp,账面市值比（BP）,收益,原始,3,0.0057787469194683395
20,value_bp,账面市值比（BP）,收益,原始,4,0.013363217127717033
20,value_bp,账面市值比（BP）,收益,原始,5,0.00674167746724444
20,value_bp,账面市值比（BP）,收益,原始,6,0.009903198672513113
20,value_bp,账面市值比（BP）,收益,原始,7,0.012975230743991595
20,value_bp,账面市值比（BP）,收益,原始,8,0.008285464827166276
20,value_bp,账面市值比（BP）,收益,原始,9,0.011379050778128012
20,value_bp,账面市值比（BP）,收益,原始,10,0.01391126234126385
20,value_bp,账面市值比（BP）,收益,中性化,1,0.013271081746396064
20,value_bp,账面市值比（BP）,收益,中性化,2,0.00879852689568842
20,value_bp,账面市值比（BP）,收益,中性化,3,0.009090996877952274
20,value_bp,账面市值比（BP）,收益,中性化,4,0.013520334376862965
20,value_bp,账面市值比（BP）,收益,中性化,5,0.005979631260716643
20,value_bp,账面市值比（BP）,收益,中性化,6,0.006690318975758733
20,value_bp,账面市值比（BP）,收益,中性化,7,0.006875745412410616
20,value_bp,账面市值比（BP）,收益,中性化,8,0.00955811526964032
20,value_bp,账面市值比（BP）,收益,中性化,9,0.009834470251582655
20,value_bp,账面市值比（BP）,收益,中性化,10,0.011128091730680098
20,value_ep,盈利收益率（EP）,收益,原始,1,0.0038303153194931814
20,value_ep,盈利收益率（EP）,收益,原始,2,0.007662545021510219
20,value_ep,盈利收益率（EP）,收益,原始,3,0.010175530245132255
20,value_ep,盈利收益率（EP）,收益,原始,4,0.012177737597894313
20,value_ep,盈利收益率（EP）,收益,原始,5,0.007685996256905743
20,value_ep,盈利收益率（EP）,收益,原始,6,0.008033540793077923
20,value_ep,盈利收益率（EP）,收益,原始,7,0.010268130319274356
20,value_ep,盈利收益率（EP）,收益,原始,8,0.009710802926374499
20,value_ep,盈利收益率（EP）,收益,原始,9,0.008368994540717796
20,value_ep,盈利收益率（EP）,收益,原始,10,0.0072223099551174145
20,value_ep,盈利收益率（EP）,收益,中性化,1,0.006333979219770432
20,value_ep,盈利收益率（EP）,收益,中性化,2,0.012997277381329336
20,value_ep,盈利收益率（EP）,收益,中性化,3,0.008274441099351952
20,value_ep,盈利收益率（EP）,收益,中性化,4,0.010364162079270338
20,value_ep,盈利收益率（EP）,收益,中性化,5,0.008022096634438487
20,value_ep,盈利收益率（EP）,收益,中性化,6,0.005402998428467295
20,value_ep,盈利收益率（EP）,收益,中性化,7,0.008882350272994322
20,value_ep,盈利收益率（EP）,收益,中性化,8,0.009096071492179891
20,value_ep,盈利收益率（EP）,收益,中性化,9,0.0069454751294176255
20,value_ep,盈利收益率（EP）,收益,中性化,10,0.008433643343977377
20,liquidity_turnover_20d,20日平均换手率,收益,原始,1,0.012180978990595191
20,liquidity_turnover_20d,20日平均换手率,收益,原始,2,0.009399215705801923
20,liquidity_turnover_20d,20日平均换手率,收益,原始,3,0.010032743888121616
20,liquidity_turnover_20d,20日平均换手率,收益,原始,4,0.009627316092200511
20,liquidity_turnover_20d,20日平均换手率,收益,原始,5,0.010074297375542567
20,liquidity_turnover_20d,20日平均换手率,收益,原始,6,0.009195378510689892
20,liquidity_turnover_20d,20日平均换手率,收益,原始,7,0.006731774534652739
20,liquidity_turnover_20d,20日平均换手率,收益,原始,8,0.011075222301975588
20,liquidity_turnover_20d,20日平均换手率,收益,原始,9,0.013654391773702108
20,liquidity_turnover_20d,20日平均换手率,收益,原始,10,0.003979699924559088
20,liquidity_turnover_20d,20日平均换手率,收益,中性化,1,0.013971081142105723
20,liquidity_turnover_20d,20日平均换手率,收益,中性化,2,0.011736418596949466
20,liquidity_turnover_20d,20日平均换手率,收益,中性化,3,0.013927679331399193
20,liquidity_turnover_20d,20日平均换手率,收益,中性化,4,0.008623387158142606
20,liquidity_turnover_20d,20日平均换手率,收益,中性化,5,0.00935772986564003
20,liquidity_turnover_20d,20日平均换手率,收益,中性化,6,0.006404949198952259
20,liquidity_turnover_20d,20日平均换手率,收益,中性化,7,0.004800008718530591
20,liquidity_turnover_20d,20日平均换手率,收益,中性化,8,0.00900921377570509
20,liquidity_turnover_20d,20日平均换手率,收益,中性化,9,0.01007266098588226
20,liquidity_turnover_20d,20日平均换手率,收益,中性化,10,0.007480761780071745
20,crowding_max_return_20d,20日最大单日涨幅,收益,原始,1,0.010793118246483671
20,crowding_max_return_20d,20日最大单日涨幅,收益,原始,2,0.012512412713257011
20,crowding_max_return_20d,20日最大单日涨幅,收益,原始,3,0.013539710587314372
20,crowding_max_return_20d,20日最大单日涨幅,收益,原始,4,0.016209508052203038
20,crowding_max_return_20d,20日最大单日涨幅,收益,原始,5,0.008504818848453357
20,crowding_max_return_20d,20日最大单日涨幅,收益,原始,6,0.011218814778887642
20,crowding_max_return_20d,20日最大单日涨幅,收益,原始,7,0.011985486354184564
20,crowding_max_return_20d,20日最大单日涨幅,收益,原始,8,0.004679660861201303
20,crowding_max_return_20d,20日最大单日涨幅,收益,原始,9,0.0058230661444551215
20,crowding_max_return_20d,20日最大单日涨幅,收益,原始,10,0.0027420139582042006
20,crowding_max_return_20d,20日最大单日涨幅,收益,中性化,1,0.013681396649408623
20,crowding_max_return_20d,20日最大单日涨幅,收益,中性化,2,0.012477580138663681
20,crowding_max_return_20d,20日最大单日涨幅,收益,中性化,3,0.008311440249777879
20,crowding_max_return_20d,20日最大单日涨幅,收益,中性化,4,0.010116293297621818
20,crowding_max_return_20d,20日最大单日涨幅,收益,中性化,5,0.012252506754400068
20,crowding_max_return_20d,20日最大单日涨幅,收益,中性化,6,0.0071937733084424145
20,crowding_max_return_20d,20日最大单日涨幅,收益,中性化,7,0.008751352280573449
20,crowding_max_return_20d,20日最大单日涨幅,收益,中性化,8,0.005023379557220572
20,crowding_max_return_20d,20日最大单日涨幅,收益,中性化,9,0.012092105715503463
20,crowding_max_return_20d,20日最大单日涨幅,收益,中性化,10,0.005712504658656086
20,risk_volatility_20d,20日波动率风险,回撤风险,原始,1,0.04377173810174292
20,risk_volatility_20d,20日波动率风险,回撤风险,原始,2,0.05115843272852389
20,risk_volatility_20d,20日波动率风险,回撤风险,原始,3,0.055145647544118964
20,risk_volatility_20d,20日波动率风险,回撤风险,原始,4,0.06113107324564869
20,risk_volatility_20d,20日波动率风险,回撤风险,原始,5,0.06501179857661755
20,risk_volatility_20d,20日波动率风险,回撤风险,原始,6,0.06715414241999632
20,risk_volatility_20d,20日波动率风险,回撤风险,原始,7,0.07217150096498952
20,risk_volatility_20d,20日波动率风险,回撤风险,原始,8,0.0767341703721671
20,risk_volatility_20d,20日波动率风险,回撤风险,原始,9,0.08454017945574666
20,risk_volatility_20d,20日波动率风险,回撤风险,原始,10,0.10103247796536959
20,risk_volatility_20d,20日波动率风险,回撤风险,中性化,1,0.05155722820624594
20,risk_volatility_20d,20日波动率风险,回撤风险,中性化,2,0.054296558207862694
20,risk_volatility_20d,20日波动率风险,回撤风险,中性化,3,0.05730907372271794
20,risk_volatility_20d,20日波动率风险,回撤风险,中性化,4,0.06146130175825941
20,risk_volatility_20d,20日波动率风险,回撤风险,中性化,5,0.06255152232243932
20,risk_volatility_20d,20日波动率风险,回撤风险,中性化,6,0.06606358920847405
20,risk_volatility_20d,20日波动率风险,回撤风险,中性化,7,0.06952468126561032
20,risk_volatility_20d,20日波动率风险,回撤风险,中性化,8,0.07451919511777737
20,risk_volatility_20d,20日波动率风险,回撤风险,中性化,9,0.0810334796581279
20,risk_volatility_20d,20日波动率风险,回撤风险,中性化,10,0.09962529076069429
20,risk_volatility_60d,60日波动率风险,回撤风险,原始,1,0.04329047781670494
20,risk_volatility_60d,60日波动率风险,回撤风险,原始,2,0.050891537315873675
20,risk_volatility_60d,60日波动率风险,回撤风险,原始,3,0.05660452608040173
20,risk_volatility_60d,60日波动率风险,回撤风险,原始,4,0.06029109541040523
20,risk_volatility_60d,60日波动率风险,回撤风险,原始,5,0.06266081106536005
20,risk_volatility_60d,60日波动率风险,回撤风险,原始,6,0.06879721103203422
20,risk_volatility_60d,60日波动率风险,回撤风险,原始,7,0.07085437088646358
20,risk_volatility_60d,60日波动率风险,回撤风险,原始,8,0.07806245429032588
20,risk_volatility_60d,60日波动率风险,回撤风险,原始,9,0.08577234056843121
20,risk_volatility_60d,60日波动率风险,回撤风险,原始,10,0.10062608511374004
20,risk_volatility_60d,60日波动率风险,回撤风险,中性化,1,0.05020524595925858
20,risk_volatility_60d,60日波动率风险,回撤风险,中性化,2,0.05391425937682578
20,risk_volatility_60d,60日波动率风险,回撤风险,中性化,3,0.05779238841523825
20,risk_volatility_60d,60日波动率风险,回撤风险,中性化,4,0.06159325720268122
20,risk_volatility_60d,60日波动率风险,回撤风险,中性化,5,0.06288341112887043
20,risk_volatility_60d,60日波动率风险,回撤风险,中性化,6,0.06553479853127853
20,risk_volatility_60d,60日波动率风险,回撤风险,中性化,7,0.06925681772191129
20,risk_volatility_60d,60日波动率风险,回撤风险,中性化,8,0.07550092843334248
20,risk_volatility_60d,60日波动率风险,回撤风险,中性化,9,0.08197686305119356
20,risk_volatility_60d,60日波动率风险,回撤风险,中性化,10,0.09939283107857559
20,risk_drawdown_60d,距60日高点回撤风险,回撤风险,原始,1,0.07389787239227623
20,risk_drawdown_60d,距60日高点回撤风险,回撤风险,原始,2,0.06679263484269402
20,risk_drawdown_60d,距60日高点回撤风险,回撤风险,原始,3,0.06573537881850325
20,risk_drawdown_60d,距60日高点回撤风险,回撤风险,原始,4,0.06535023487359339
20,risk_drawdown_60d,距60日高点回撤风险,回撤风险,原始,5,0.061315939783874944
20,risk_drawdown_60d,距60日高点回撤风险,回撤风险,原始,6,0.06444440798329831
20,risk_drawdown_60d,距60日高点回撤风险,回撤风险,原始,7,0.06369710271773792
20,risk_drawdown_60d,距60日高点回撤风险,回撤风险,原始,8,0.06896680768352352
20,risk_drawdown_60d,距60日高点回撤风险,回撤风险,原始,9,0.0697813206027517
20,risk_drawdown_60d,距60日高点回撤风险,回撤风险,原始,10,0.07808379835495469
20,risk_drawdown_60d,距60日高点回撤风险,回撤风险,中性化,1,0.07607612660079033
20,risk_drawdown_60d,距60日高点回撤风险,回撤风险,中性化,2,0.0669198267209191
20,risk_drawdown_60d,距60日高点回撤风险,回撤风险,中性化,3,0.06459291883233993
20,risk_drawdown_60d,距60日高点回撤风险,回撤风险,中性化,4,0.06423299198372304
20,risk_drawdown_60d,距60日高点回撤风险,回撤风险,中性化,5,0.06384220772691437
20,risk_drawdown_60d,距60日高点回撤风险,回撤风险,中性化,6,0.06397889698084981
20,risk_drawdown_60d,距60日高点回撤风险,回撤风险,中性化,7,0.06529389372283285
20,risk_drawdown_60d,距60日高点回撤风险,回撤风险,中性化,8,0.06451838694691765
20,risk_drawdown_60d,距60日高点回撤风险,回撤风险,中性化,9,0.07059595547545872
20,risk_drawdown_60d,距60日高点回撤风险,回撤风险,中性化,10,0.07817737024855989
20,risk_max_return_20d,20日最大单日涨幅风险,回撤风险,原始,1,0.04678935189530402
20,risk_max_return_20d,20日最大单日涨幅风险,回撤风险,原始,2,0.05209616463698274
20,risk_max_return_20d,20日最大单日涨幅风险,回撤风险,原始,3,0.056024380379620785
20,risk_max_return_20d,20日最大单日涨幅风险,回撤风险,原始,4,0.059402394221362946
20,risk_max_return_20d,20日最大单日涨幅风险,回撤风险,原始,5,0.06640202861308836
20,risk_max_return_20d,20日最大单日涨幅风险,回撤风险,原始,6,0.06897508891515218
20,risk_max_return_20d,20日最大单日涨幅风险,回撤风险,原始,7,0.07291483636027093
20,risk_max_return_20d,20日最大单日涨幅风险,回撤风险,原始,8,0.07783999081356496
20,risk_max_return_20d,20日最大单日涨幅风险,回撤风险,原始,9,0.0839917091488911
20,risk_max_return_20d,20日最大单日涨幅风险,回撤风险,原始,10,0.09354414099101115
20,risk_max_return_20d,20日最大单日涨幅风险,回撤风险,中性化,1,0.056462479141962306
20,risk_max_return_20d,20日最大单日涨幅风险,回撤风险,中性化,2,0.05444751955779084
20,risk_max_return_20d,20日最大单日涨幅风险,回撤风险,中性化,3,0.05763046541207473
20,risk_max_return_20d,20日最大单日涨幅风险,回撤风险,中性化,4,0.06009706910973502
20,risk_max_return_20d,20日最大单日涨幅风险,回撤风险,中性化,5,0.06273348480172633
20,risk_max_return_20d,20日最大单日涨幅风险,回撤风险,中性化,6,0.06631143524301636
20,risk_max_return_20d,20日最大单日涨幅风险,回撤风险,中性化,7,0.07108856976222265
20,risk_max_return_20d,20日最大单日涨幅风险,回撤风险,中性化,8,0.07716190586688426
20,risk_max_return_20d,20日最大单日涨幅风险,回撤风险,中性化,9,0.0808898345877614
20,risk_max_return_20d,20日最大单日涨幅风险,回撤风险,中性化,10,0.09131894385597297
20,risk_downside_volatility_60d,60日下行波动率风险,回撤风险,原始,1,0.04860406578517134
20,risk_downside_volatility_60d,60日下行波动率风险,回撤风险,原始,2,0.05544876949054826
20,risk_downside_volatility_60d,60日下行波动率风险,回撤风险,原始,3,0.06008633894373896
20,risk_downside_volatility_60d,60日下行波动率风险,回撤风险,原始,4,0.06190648425598703
20,risk_downside_volatility_60d,60日下行波动率风险,回撤风险,原始,5,0.06657066088243274
20,risk_downside_volatility_60d,60日下行波动率风险,回撤风险,原始,6,0.06963052325207873
20,risk_downside_volatility_60d,60日下行波动率风险,回撤风险,原始,7,0.0710378125621016
20,risk_downside_volatility_60d,60日下行波动率风险,回撤风险,原始,8,0.07508214834288138
20,risk_downside_volatility_60d,60日下行波动率风险,回撤风险,原始,9,0.07892132133256002
20,risk_downside_volatility_60d,60日下行波动率风险,回撤风险,原始,10,0.09037898418084904
20,risk_downside_volatility_60d,60日下行波动率风险,回撤风险,中性化,1,0.05687911305285586
20,risk_downside_volatility_60d,60日下行波动率风险,回撤风险,中性化,2,0.05715079121815214
20,risk_downside_volatility_60d,60日下行波动率风险,回撤风险,中性化,3,0.06126151439403854
20,risk_downside_volatility_60d,60日下行波动率风险,回撤风险,中性化,4,0.06237577821650992
20,risk_downside_volatility_60d,60日下行波动率风险,回撤风险,中性化,5,0.06415765550629629
20,risk_downside_volatility_60d,60日下行波动率风险,回撤风险,中性化,6,0.067125151402597
20,risk_downside_volatility_60d,60日下行波动率风险,回撤风险,中性化,7,0.07059912766447751
20,risk_downside_volatility_60d,60日下行波动率风险,回撤风险,中性化,8,0.07185870083067541
20,risk_downside_volatility_60d,60日下行波动率风险,回撤风险,中性化,9,0.07618980968443341
20,risk_downside_volatility_60d,60日下行波动率风险,回撤风险,中性化,10,0.0901693269125498
20,risk_residual_volatility_60d,60日残差波动率风险,回撤风险,原始,1,0.04392999201231306
20,risk_residual_volatility_60d,60日残差波动率风险,回撤风险,原始,2,0.051598258235027235
20,risk_residual_volatility_60d,60日残差波动率风险,回撤风险,原始,3,0.056010597915711856
20,risk_residual_volatility_60d,60日残差波动率风险,回撤风险,原始,4,0.061191063956992725
20,risk_residual_volatility_60d,60日残差波动率风险,回撤风险,原始,5,0.0636242723077934
20,risk_residual_volatility_60d,60日残差波动率风险,回撤风险,原始,6,0.06755860110495417
20,risk_residual_volatility_60d,60日残差波动率风险,回撤风险,原始,7,0.0739026498691597
20,risk_residual_volatility_60d,60日残差波动率风险,回撤风险,原始,8,0.07515689334812552
20,risk_residual_volatility_60d,60日残差波动率风险,回撤风险,原始,9,0.08544533759471266
20,risk_residual_volatility_60d,60日残差波动率风险,回撤风险,原始,10,0.0994695614218243
20,risk_residual_volatility_60d,60日残差波动率风险,回撤风险,中性化,1,0.05110831214227596
20,risk_residual_volatility_60d,60日残差波动率风险,回撤风险,中性化,2,0.053060268726199476
20,risk_residual_volatility_60d,60日残差波动率风险,回撤风险,中性化,3,0.059062575498031976
20,risk_residual_volatility_60d,60日残差波动率风险,回撤风险,中性化,4,0.06043660614917703
20,risk_residual_volatility_60d,60日残差波动率风险,回撤风险,中性化,5,0.064639020312436
20,risk_residual_volatility_60d,60日残差波动率风险,回撤风险,中性化,6,0.0664471817481356
20,risk_residual_volatility_60d,60日残差波动率风险,回撤风险,中性化,7,0.07043455477873724
20,risk_residual_volatility_60d,60日残差波动率风险,回撤风险,中性化,8,0.07264735878594814
20,risk_residual_volatility_60d,60日残差波动率风险,回撤风险,中性化,9,0.08075113260583816
20,risk_residual_volatility_60d,60日残差波动率风险,回撤风险,中性化,10,0.09947473826320861
20,risk_liquidity_pressure_60d,60日流动性压力,回撤风险,原始,1,0.0763484607303095
20,risk_liquidity_pressure_60d,60日流动性压力,回撤风险,原始,2,0.07331644947382364
20,risk_liquidity_pressure_60d,60日流动性压力,回撤风险,原始,3,0.0719717597076342
20,risk_liquidity_pressure_60d,60日流动性压力,回撤风险,原始,4,0.06646828734801258
20,risk_liquidity_pressure_60d,60日流动性压力,回撤风险,原始,5,0.06787794859282807
20,risk_liquidity_pressure_60d,60日流动性压力,回撤风险,原始,6,0.06760081055407408
20,risk_liquidity_pressure_60d,60日流动性压力,回撤风险,原始,7,0.06387987307749982
20,risk_liquidity_pressure_60d,60日流动性压力,回撤风险,原始,8,0.06309752180659599
20,risk_liquidity_pressure_60d,60日流动性压力,回撤风险,原始,9,0.06348089112542331
20,risk_liquidity_pressure_60d,60日流动性压力,回撤风险,原始,10,0.06376014041082073
20,risk_liquidity_pressure_60d,60日流动性压力,回撤风险,中性化,1,0.07910685072585646
20,risk_liquidity_pressure_60d,60日流动性压力,回撤风险,中性化,2,0.07248357770347508
20,risk_liquidity_pressure_60d,60日流动性压力,回撤风险,中性化,3,0.06655357015538585
20,risk_liquidity_pressure_60d,60日流动性压力,回撤风险,中性化,4,0.06721509761579146
20,risk_liquidity_pressure_60d,60日流动性压力,回撤风险,中性化,5,0.06478992827318929
20,risk_liquidity_pressure_60d,60日流动性压力,回撤风险,中性化,6,0.06650608415593602
20,risk_liquidity_pressure_60d,60日流动性压力,回撤风险,中性化,7,0.06660797822649331
20,risk_liquidity_pressure_60d,60日流动性压力,回撤风险,中性化,8,0.06309955448762741
20,risk_liquidity_pressure_60d,60日流动性压力,回撤风险,中性化,9,0.06491082908520489
20,risk_liquidity_pressure_60d,60日流动性压力,回撤风险,中性化,10,0.06665447728872795
20,risk_cvar_60d,60日尾部损失（CVaR）,回撤风险,原始,1,0.04761091557218838
20,risk_cvar_60d,60日尾部损失（CVaR）,回撤风险,原始,2,0.05514907105003758
20,risk_cvar_60d,60日尾部损失（CVaR）,回撤风险,原始,3,0.05984231466717401
20,risk_cvar_60d,60日尾部损失（CVaR）,回撤风险,原始,4,0.0626074749548851
20,risk_cvar_60d,60日尾部损失（CVaR）,回撤风险,原始,5,0.0665624460684209
20,risk_cvar_60d,60日尾部损失（CVaR）,回撤风险,原始,6,0.06865439450396857
20,risk_cvar_60d,60日尾部损失（CVaR）,回撤风险,原始,7,0.07053947887561078
20,risk_cvar_60d,60日尾部损失（CVaR）,回撤风险,原始,8,0.07489055727915232
20,risk_cvar_60d,60日尾部损失（CVaR）,回撤风险,原始,9,0.07942897162329246
20,risk_cvar_60d,60日尾部损失（CVaR）,回撤风险,原始,10,0.08982441936596332
20,risk_cvar_60d,60日尾部损失（CVaR）,回撤风险,中性化,1,0.0565137848040915
20,risk_cvar_60d,60日尾部损失（CVaR）,回撤风险,中性化,2,0.057630294276656294
20,risk_cvar_60d,60日尾部损失（CVaR）,回撤风险,中性化,3,0.06071909084568297
20,risk_cvar_60d,60日尾部损失（CVaR）,回撤风险,中性化,4,0.06174456932989101
20,risk_cvar_60d,60日尾部损失（CVaR）,回撤风险,中性化,5,0.06316495904723837
20,risk_cvar_60d,60日尾部损失（CVaR）,回撤风险,中性化,6,0.06692096450053882
20,risk_cvar_60d,60日尾部损失（CVaR）,回撤风险,中性化,7,0.07094418710307665
20,risk_cvar_60d,60日尾部损失（CVaR）,回撤风险,中性化,8,0.07151191977550951
20,risk_cvar_60d,60日尾部损失（CVaR）,回撤风险,中性化,9,0.07694276894184035
20,risk_cvar_60d,60日尾部损失（CVaR）,回撤风险,中性化,10,0.08917639074991666
60,trend_5d,5日趋势,收益,原始,1,0.019750392767176134
60,trend_5d,5日趋势,收益,原始,2,0.0188391112089536
60,trend_5d,5日趋势,收益,原始,3,0.016549800136845975
60,trend_5d,5日趋势,收益,原始,4,0.03486036300166422
60,trend_5d,5日趋势,收益,原始,5,0.028777225831389315
60,trend_5d,5日趋势,收益,原始,6,0.0431052539914112
60,trend_5d,5日趋势,收益,原始,7,0.04210890049710623
60,trend_5d,5日趋势,收益,原始,8,0.015825321847366527
60,trend_5d,5日趋势,收益,原始,9,0.04321155574728636
60,trend_5d,5日趋势,收益,原始,10,0.011104777699371458
60,trend_5d,5日趋势,收益,中性化,1,0.012819194775984847
60,trend_5d,5日趋势,收益,中性化,2,0.016634950744629298
60,trend_5d,5日趋势,收益,中性化,3,0.02685466116668803
60,trend_5d,5日趋势,收益,中性化,4,0.03458824167017555
60,trend_5d,5日趋势,收益,中性化,5,0.04018143271143721
60,trend_5d,5日趋势,收益,中性化,6,0.03498886334957367
60,trend_5d,5日趋势,收益,中性化,7,0.033553453651419915
60,trend_5d,5日趋势,收益,中性化,8,0.039270957733295905
60,trend_5d,5日趋势,收益,中性化,9,0.015781415764919583
60,trend_5d,5日趋势,收益,中性化,10,0.012966875147690111
60,trend_20d,20日趋势,收益,原始,1,0.023529296809727516
60,trend_20d,20日趋势,收益,原始,2,0.015554791517099256
60,trend_20d,20日趋势,收益,原始,3,0.02128625171860758
60,trend_20d,20日趋势,收益,原始,4,0.041831992374721585
60,trend_20d,20日趋势,收益,原始,5,0.03051415530746727
60,trend_20d,20日趋势,收益,原始,6,0.04028620444510707
60,trend_20d,20日趋势,收益,原始,7,0.03686555502594248
60,trend_20d,20日趋势,收益,原始,8,0.028175712055232394
60,trend_20d,20日趋势,收益,原始,9,0.026096112144396395
60,trend_20d,20日趋势,收益,原始,10,0.008253793320902899
60,trend_20d,20日趋势,收益,中性化,1,0.02081145955534685
60,trend_20d,20日趋势,收益,中性化,2,0.02412056133994256
60,trend_20d,20日趋势,收益,中性化,3,0.04052967172185381
60,trend_20d,20日趋势,收益,中性化,4,0.027071044067661316
60,trend_20d,20日趋势,收益,中性化,5,0.033432927774639014
60,trend_20d,20日趋势,收益,中性化,6,0.034444597605734324
60,trend_20d,20日趋势,收益,中性化,7,0.028461186589391316
60,trend_20d,20日趋势,收益,中性化,8,0.019436005742742308
60,trend_20d,20日趋势,收益,中性化,9,0.026126340503665486
60,trend_20d,20日趋势,收益,中性化,10,0.011222232552712236
60,trend_60_ex_20,60日剔除近20日趋势,收益,原始,1,0.013916479483398579
60,trend_60_ex_20,60日剔除近20日趋势,收益,原始,2,0.036877301760686654
60,trend_60_ex_20,60日剔除近20日趋势,收益,原始,3,0.039632112895401084
60,trend_60_ex_20,60日剔除近20日趋势,收益,原始,4,0.02964205733266542
60,trend_60_ex_20,60日剔除近20日趋势,收益,原始,5,0.031000123155850632
60,trend_60_ex_20,60日剔除近20日趋势,收益,原始,6,0.03051434049618773
60,trend_60_ex_20,60日剔除近20日趋势,收益,原始,7,0.032334216860574624
60,trend_60_ex_20,60日剔除近20日趋势,收益,原始,8,0.020711817022168084
60,trend_60_ex_20,60日剔除近20日趋势,收益,原始,9,0.025518168687431342
60,trend_60_ex_20,60日剔除近20日趋势,收益,原始,10,0.014708673463984372
60,trend_60_ex_20,60日剔除近20日趋势,收益,中性化,1,0.018521382038345965
60,trend_60_ex_20,60日剔除近20日趋势,收益,中性化,2,0.024417399566164764
60,trend_60_ex_20,60日剔除近20日趋势,收益,中性化,3,0.05104709156892089
60,trend_60_ex_20,60日剔除近20日趋势,收益,中性化,4,0.025773921140373197
60,trend_60_ex_20,60日剔除近20日趋势,收益,中性化,5,0.03391094145508106
60,trend_60_ex_20,60日剔除近20日趋势,收益,中性化,6,0.03887364287206095
60,trend_60_ex_20,60日剔除近20日趋势,收益,中性化,7,0.017403393495432885
60,trend_60_ex_20,60日剔除近20日趋势,收益,中性化,8,0.02505713903528061
60,trend_60_ex_20,60日剔除近20日趋势,收益,中性化,9,0.004543004898559781
60,trend_60_ex_20,60日剔除近20日趋势,收益,中性化,10,0.028806015390056276
60,trend_120_ex_20,120日剔除近20日趋势,收益,原始,1,0.02534259206293992
60,trend_120_ex_20,120日剔除近20日趋势,收益,原始,2,0.019159099142109826
60,trend_120_ex_20,120日剔除近20日趋势,收益,原始,3,0.028846931377531554
60,trend_120_ex_20,120日剔除近20日趋势,收益,原始,4,0.02351431241877808
60,trend_120_ex_20,120日剔除近20日趋势,收益,原始,5,0.020467731865477123
60,trend_120_ex_20,120日剔除近20日趋势,收益,原始,6,0.03292609688248375
60,trend_120_ex_20,120日剔除近20日趋势,收益,原始,7,0.025842726854861834
60,trend_120_ex_20,120日剔除近20日趋势,收益,原始,8,0.03661804042494447
60,trend_120_ex_20,120日剔除近20日趋势,收益,原始,9,0.017043574924830263
60,trend_120_ex_20,120日剔除近20日趋势,收益,原始,10,0.041720497205516176
60,trend_120_ex_20,120日剔除近20日趋势,收益,中性化,1,0.01196755512782589
60,trend_120_ex_20,120日剔除近20日趋势,收益,中性化,2,0.02398823072689166
60,trend_120_ex_20,120日剔除近20日趋势,收益,中性化,3,0.03282517712412527
60,trend_120_ex_20,120日剔除近20日趋势,收益,中性化,4,0.02897801415372794
60,trend_120_ex_20,120日剔除近20日趋势,收益,中性化,5,0.023322207851350887
60,trend_120_ex_20,120日剔除近20日趋势,收益,中性化,6,0.032365505016063084
60,trend_120_ex_20,120日剔除近20日趋势,收益,中性化,7,0.025867413071599264
60,trend_120_ex_20,120日剔除近20日趋势,收益,中性化,8,0.024308892810877617
60,trend_120_ex_20,120日剔除近20日趋势,收益,中性化,9,0.02784252151290428
60,trend_120_ex_20,120日剔除近20日趋势,收益,中性化,10,0.03700386438982951
60,value_bp,账面市值比（BP）,收益,原始,1,0.02350218737979246
60,value_bp,账面市值比（BP）,收益,原始,2,0.013065570235769843
60,value_bp,账面市值比（BP）,收益,原始,3,0.010408075482104087
60,value_bp,账面市值比（BP）,收益,原始,4,0.04434801895172311
60,value_bp,账面市值比（BP）,收益,原始,5,0.021694815505511143
60,value_bp,账面市值比（BP）,收益,原始,6,0.016743439109908543
60,value_bp,账面市值比（BP）,收益,原始,7,0.03646788929518423
60,value_bp,账面市值比（BP）,收益,原始,8,0.028429406411037247
60,value_bp,账面市值比（BP）,收益,原始,9,0.031938435189202606
60,value_bp,账面市值比（BP）,收益,原始,10,0.03978842325309888
60,value_bp,账面市值比（BP）,收益,中性化,1,0.03135404602548593
60,value_bp,账面市值比（BP）,收益,中性化,2,0.02784534583530664
60,value_bp,账面市值比（BP）,收益,中性化,3,0.026945495212816795
60,value_bp,账面市值比（BP）,收益,中性化,4,0.04092469024574141
60,value_bp,账面市值比（BP）,收益,中性化,5,0.01751035388146637
60,value_bp,账面市值比（BP）,收益,中性化,6,0.004822455921099831
60,value_bp,账面市值比（BP）,收益,中性化,7,0.025071540568958967
60,value_bp,账面市值比（BP）,收益,中性化,8,0.027224159534666482
60,value_bp,账面市值比（BP）,收益,中性化,9,0.03417567379936622
60,value_bp,账面市值比（BP）,收益,中性化,10,0.028137391116068174
60,value_ep,盈利收益率（EP）,收益,原始,1,0.006312458841065706
60,value_ep,盈利收益率（EP）,收益,原始,2,0.0347845368870352
60,value_ep,盈利收益率（EP）,收益,原始,3,0.03841443665758419
60,value_ep,盈利收益率（EP）,收益,原始,4,0.02927907904592922
60,value_ep,盈利收益率（EP）,收益,原始,5,0.017922102403020185
60,value_ep,盈利收益率（EP）,收益,原始,6,0.016388553980856136
60,value_ep,盈利收益率（EP）,收益,原始,7,0.03439968922770742
60,value_ep,盈利收益率（EP）,收益,原始,8,0.02190333247414652
60,value_ep,盈利收益率（EP）,收益,原始,9,0.026418791490495093
60,value_ep,盈利收益率（EP）,收益,原始,10,0.010576670339492262
60,value_ep,盈利收益率（EP）,收益,中性化,1,0.02250758695816247
60,value_ep,盈利收益率（EP）,收益,中性化,2,0.03569836662190104
60,value_ep,盈利收益率（EP）,收益,中性化,3,0.018157129625670485
60,value_ep,盈利收益率（EP）,收益,中性化,4,0.029172702475872357
60,value_ep,盈利收益率（EP）,收益,中性化,5,0.021337822447072757
60,value_ep,盈利收益率（EP）,收益,中性化,6,0.02094366701109488
60,value_ep,盈利收益率（EP）,收益,中性化,7,0.018650980743626682
60,value_ep,盈利收益率（EP）,收益,中性化,8,0.022313323080066613
60,value_ep,盈利收益率（EP）,收益,中性化,9,0.01832678094970331
60,value_ep,盈利收益率（EP）,收益,中性化,10,0.02643589744627925
60,liquidity_turnover_20d,20日平均换手率,收益,原始,1,0.03998118775031199
60,liquidity_turnover_20d,20日平均换手率,收益,原始,2,0.01725910726554528
60,liquidity_turnover_20d,20日平均换手率,收益,原始,3,0.025682176896920005
60,liquidity_turnover_20d,20日平均换手率,收益,原始,4,0.02941444115571176
60,liquidity_turnover_20d,20日平均换手率,收益,原始,5,0.03504522467409443
60,liquidity_turnover_20d,20日平均换手率,收益,原始,6,0.03259822813506232
60,liquidity_turnover_20d,20日平均换手率,收益,原始,7,0.012849194094118879
60,liquidity_turnover_20d,20日平均换手率,收益,原始,8,0.0433661582898921
60,liquidity_turnover_20d,20日平均换手率,收益,原始,9,0.03677846117950216
60,liquidity_turnover_20d,20日平均换手率,收益,原始,10,-0.00040083805326986333
60,liquidity_turnover_20d,20日平均换手率,收益,中性化,1,0.03283323145450327
60,liquidity_turnover_20d,20日平均换手率,收益,中性化,2,0.05672994581748366
60,liquidity_turnover_20d,20日平均换手率,收益,中性化,3,0.03296727994035674
60,liquidity_turnover_20d,20日平均换手率,收益,中性化,4,0.03267967569350848
60,liquidity_turnover_20d,20日平均换手率,收益,中性化,5,0.015003062096704227
60,liquidity_turnover_20d,20日平均换手率,收益,中性化,6,0.012444562505420876
60,liquidity_turnover_20d,20日平均换手率,收益,中性化,7,0.011234313744817773
60,liquidity_turnover_20d,20日平均换手率,收益,中性化,8,0.0322196621429167
60,liquidity_turnover_20d,20日平均换手率,收益,中性化,9,0.028808491059280277
60,liquidity_turnover_20d,20日平均换手率,收益,中性化,10,0.013503836727350423
60,crowding_max_return_20d,20日最大单日涨幅,收益,原始,1,0.022273731780014187
60,crowding_max_return_20d,20日最大单日涨幅,收益,原始,2,0.030169222761634994
60,crowding_max_return_20d,20日最大单日涨幅,收益,原始,3,0.030177891925734456
60,crowding_max_return_20d,20日最大单日涨幅,收益,原始,4,0.04977195885577268
60,crowding_max_return_20d,20日最大单日涨幅,收益,原始,5,0.01730384295977862
60,crowding_max_return_20d,20日最大单日涨幅,收益,原始,6,0.043680794574499006
60,crowding_max_return_20d,20日最大单日涨幅,收益,原始,7,0.03192364463751536
60,crowding_max_return_20d,20日最大单日涨幅,收益,原始,8,0.009740469030984512
60,crowding_max_return_20d,20日最大单日涨幅,收益,原始,9,0.030031288029272272
60,crowding_max_return_20d,20日最大单日涨幅,收益,原始,10,0.011073568757787488
60,crowding_max_return_20d,20日最大单日涨幅,收益,中性化,1,0.035359996952422146
60,crowding_max_return_20d,20日最大单日涨幅,收益,中性化,2,0.04354036236320687
60,crowding_max_return_20d,20日最大单日涨幅,收益,中性化,3,0.015536492092742517
60,crowding_max_return_20d,20日最大单日涨幅,收益,中性化,4,0.01954130994918395
60,crowding_max_return_20d,20日最大单日涨幅,收益,中性化,5,0.02413130509047227
60,crowding_max_return_20d,20日最大单日涨幅,收益,中性化,6,0.027809294812274114
60,crowding_max_return_20d,20日最大单日涨幅,收益,中性化,7,0.02855271334547913
60,crowding_max_return_20d,20日最大单日涨幅,收益,中性化,8,0.02506141849248567
60,crowding_max_return_20d,20日最大单日涨幅,收益,中性化,9,0.020054569426608358
60,crowding_max_return_20d,20日最大单日涨幅,收益,中性化,10,0.027970755337646275
60,risk_volatility_20d,20日波动率风险,回撤风险,原始,1,0.08198953821050427
60,risk_volatility_20d,20日波动率风险,回撤风险,原始,2,0.09510935718833557
60,risk_volatility_20d,20日波动率风险,回撤风险,原始,3,0.1045423210301013
60,risk_volatility_20d,20日波动率风险,回撤风险,原始,4,0.11478471656030079
60,risk_volatility_20d,20日波动率风险,回撤风险,原始,5,0.12107203364248616
60,risk_volatility_20d,20日波动率风险,回撤风险,原始,6,0.12567608001179675
60,risk_volatility_20d,20日波动率风险,回撤风险,原始,7,0.1315393223630238
60,risk_volatility_20d,20日波动率风险,回撤风险,原始,8,0.1360008870895628
60,risk_volatility_20d,20日波动率风险,回撤风险,原始,9,0.15020511742874465
60,risk_volatility_20d,20日波动率风险,回撤风险,原始,10,0.17191353826557593
60,risk_volatility_20d,20日波动率风险,回撤风险,中性化,1,0.0979595421674311
60,risk_volatility_20d,20日波动率风险,回撤风险,中性化,2,0.1057945962253666
60,risk_volatility_20d,20日波动率风险,回撤风险,中性化,3,0.10538472736033232
60,risk_volatility_20d,20日波动率风险,回撤风险,中性化,4,0.1102802814386835
60,risk_volatility_20d,20日波动率风险,回撤风险,中性化,5,0.12018297553852383
60,risk_volatility_20d,20日波动率风险,回撤风险,中性化,6,0.11996624656590528
60,risk_volatility_20d,20日波动率风险,回撤风险,中性化,7,0.12390476809589837
60,risk_volatility_20d,20日波动率风险,回撤风险,中性化,8,0.13180395775832918
60,risk_volatility_20d,20日波动率风险,回撤风险,中性化,9,0.1454132152841503
60,risk_volatility_20d,20日波动率风险,回撤风险,中性化,10,0.17241566124783467
60,risk_volatility_60d,60日波动率风险,回撤风险,原始,1,0.08232988894340874
60,risk_volatility_60d,60日波动率风险,回撤风险,原始,2,0.09375662010125409
60,risk_volatility_60d,60日波动率风险,回撤风险,原始,3,0.10639213363025166
60,risk_volatility_60d,60日波动率风险,回撤风险,原始,4,0.10903413054227543
60,risk_volatility_60d,60日波动率风险,回撤风险,原始,5,0.11383645786689851
60,risk_volatility_60d,60日波动率风险,回撤风险,原始,6,0.12446704290894364
60,risk_volatility_60d,60日波动率风险,回撤风险,原始,7,0.13508310552187178
60,risk_volatility_60d,60日波动率风险,回撤风险,原始,8,0.1456258811988719
60,risk_volatility_60d,60日波动率风险,回撤风险,原始,9,0.15116860187550674
60,risk_volatility_60d,60日波动率风险,回撤风险,原始,10,0.17135995973014348
60,risk_volatility_60d,60日波动率风险,回撤风险,中性化,1,0.09680659143189715
60,risk_volatility_60d,60日波动率风险,回撤风险,中性化,2,0.1006739420066617
60,risk_volatility_60d,60日波动率风险,回撤风险,中性化,3,0.10851633496130206
60,risk_volatility_60d,60日波动率风险,回撤风险,中性化,4,0.11216591860963557
60,risk_volatility_60d,60日波动率风险,回撤风险,中性化,5,0.11367228978421538
60,risk_volatility_60d,60日波动率风险,回撤风险,中性化,6,0.11809958957074514
60,risk_volatility_60d,60日波动率风险,回撤风险,中性化,7,0.12607696530287046
60,risk_volatility_60d,60日波动率风险,回撤风险,中性化,8,0.13610620843018398
60,risk_volatility_60d,60日波动率风险,回撤风险,中性化,9,0.15233221953651915
60,risk_volatility_60d,60日波动率风险,回撤风险,中性化,10,0.1689362140709742
60,risk_drawdown_60d,距60日高点回撤风险,回撤风险,原始,1,0.13010896762088373
60,risk_drawdown_60d,距60日高点回撤风险,回撤风险,原始,2,0.1200152479764399
60,risk_drawdown_60d,距60日高点回撤风险,回撤风险,原始,3,0.11666795757820089
60,risk_drawdown_60d,距60日高点回撤风险,回撤风险,原始,4,0.11441974232673498
60,risk_drawdown_60d,距60日高点回撤风险,回撤风险,原始,5,0.11210013624665052
60,risk_drawdown_60d,距60日高点回撤风险,回撤风险,原始,6,0.1159722286029845
60,risk_drawdown_60d,距60日高点回撤风险,回撤风险,原始,7,0.12160315242701344
60,risk_drawdown_60d,距60日高点回撤风险,回撤风险,原始,8,0.12746219902633743
60,risk_drawdown_60d,距60日高点回撤风险,回撤风险,原始,9,0.128540182634506
60,risk_drawdown_60d,距60日高点回撤风险,回撤风险,原始,10,0.14512788815500013
60,risk_drawdown_60d,距60日高点回撤风险,回撤风险,中性化,1,0.13364233160753153
60,risk_drawdown_60d,距60日高点回撤风险,回撤风险,中性化,2,0.12384259515902928
60,risk_drawdown_60d,距60日高点回撤风险,回撤风险,中性化,3,0.11511641781867084
60,risk_drawdown_60d,距60日高点回撤风险,回撤风险,中性化,4,0.11518185254147205
60,risk_drawdown_60d,距60日高点回撤风险,回撤风险,中性化,5,0.11828613397445595
60,risk_drawdown_60d,距60日高点回撤风险,回撤风险,中性化,6,0.11264344592396355
60,risk_drawdown_60d,距60日高点回撤风险,回撤风险,中性化,7,0.11478523945983973
60,risk_drawdown_60d,距60日高点回撤风险,回撤风险,中性化,8,0.12533793539005122
60,risk_drawdown_60d,距60日高点回撤风险,回撤风险,中性化,9,0.12849974235868064
60,risk_drawdown_60d,距60日高点回撤风险,回撤风险,中性化,10,0.1452920362384749
60,risk_max_return_20d,20日最大单日涨幅风险,回撤风险,原始,1,0.09305116913206035
60,risk_max_return_20d,20日最大单日涨幅风险,回撤风险,原始,2,0.09771565400445241
60,risk_max_return_20d,20日最大单日涨幅风险,回撤风险,原始,3,0.10622693894885761
60,risk_max_return_20d,20日最大单日涨幅风险,回撤风险,原始,4,0.11103650495221613
60,risk_max_return_20d,20日最大单日涨幅风险,回撤风险,原始,5,0.12239871354097838
60,risk_max_return_20d,20日最大单日涨幅风险,回撤风险,原始,6,0.12016383139112231
60,risk_max_return_20d,20日最大单日涨幅风险,回撤风险,原始,7,0.1339053136061453
60,risk_max_return_20d,20日最大单日涨幅风险,回撤风险,原始,8,0.14096825755882883
60,risk_max_return_20d,20日最大单日涨幅风险,回撤风险,原始,9,0.14629999417173264
60,risk_max_return_20d,20日最大单日涨幅风险,回撤风险,原始,10,0.16058982486262302
60,risk_max_return_20d,20日最大单日涨幅风险,回撤风险,中性化,1,0.10445923045915627
60,risk_max_return_20d,20日最大单日涨幅风险,回撤风险,中性化,2,0.10365401919967314
60,risk_max_return_20d,20日最大单日涨幅风险,回撤风险,中性化,3,0.11128590190248963
60,risk_max_return_20d,20日最大单日涨幅风险,回撤风险,中性化,4,0.10863120237323562
60,risk_max_return_20d,20日最大单日涨幅风险,回撤风险,中性化,5,0.11321915109152351
60,risk_max_return_20d,20日最大单日涨幅风险,回撤风险,中性化,6,0.12305607924306408
60,risk_max_return_20d,20日最大单日涨幅风险,回撤风险,中性化,7,0.12908777101436322
60,risk_max_return_20d,20日最大单日涨幅风险,回撤风险,中性化,8,0.1374685162248571
60,risk_max_return_20d,20日最大单日涨幅风险,回撤风险,中性化,9,0.14085813138254247
60,risk_max_return_20d,20日最大单日涨幅风险,回撤风险,中性化,10,0.16098271119387755
60,risk_downside_volatility_60d,60日下行波动率风险,回撤风险,原始,1,0.08793341040448607
60,risk_downside_volatility_60d,60日下行波动率风险,回撤风险,原始,2,0.10089570170001458
60,risk_downside_volatility_60d,60日下行波动率风险,回撤风险,原始,3,0.10969170672476847
60,risk_downside_volatility_60d,60日下行波动率风险,回撤风险,原始,4,0.11391188761582767
60,risk_downside_volatility_60d,60日下行波动率风险,回撤风险,原始,5,0.12408210293806819
60,risk_downside_volatility_60d,60日下行波动率风险,回撤风险,原始,6,0.12893035992796334
60,risk_downside_volatility_60d,60日下行波动率风险,回撤风险,原始,7,0.1286979024809512
60,risk_downside_volatility_60d,60日下行波动率风险,回撤风险,原始,8,0.1367449924511614
60,risk_downside_volatility_60d,60日下行波动率风险,回撤风险,原始,9,0.13989682168233614
60,risk_downside_volatility_60d,60日下行波动率风险,回撤风险,原始,10,0.16241834444376732
60,risk_downside_volatility_60d,60日下行波动率风险,回撤风险,中性化,1,0.10404889768037263
60,risk_downside_volatility_60d,60日下行波动率风险,回撤风险,中性化,2,0.10735894091654342
60,risk_downside_volatility_60d,60日下行波动率风险,回撤风险,中性化,3,0.11202194971819876
60,risk_downside_volatility_60d,60日下行波动率风险,回撤风险,中性化,4,0.10949927220965042
60,risk_downside_volatility_60d,60日下行波动率风险,回撤风险,中性化,5,0.12091650906832621
60,risk_downside_volatility_60d,60日下行波动率风险,回撤风险,中性化,6,0.12326088081558075
60,risk_downside_volatility_60d,60日下行波动率风险,回撤风险,中性化,7,0.12938831443379623
60,risk_downside_volatility_60d,60日下行波动率风险,回撤风险,中性化,8,0.12702646346881571
60,risk_downside_volatility_60d,60日下行波动率风险,回撤风险,中性化,9,0.14087210952100718
60,risk_downside_volatility_60d,60日下行波动率风险,回撤风险,中性化,10,0.15901510528243973
60,risk_residual_volatility_60d,60日残差波动率风险,回撤风险,原始,1,0.08422675672094962
60,risk_residual_volatility_60d,60日残差波动率风险,回撤风险,原始,2,0.09566914820336006
60,risk_residual_volatility_60d,60日残差波动率风险,回撤风险,原始,3,0.10640869243127717
60,risk_residual_volatility_60d,60日残差波动率风险,回撤风险,原始,4,0.11230208760755991
60,risk_residual_volatility_60d,60日残差波动率风险,回撤风险,原始,5,0.11566356503844388
60,risk_residual_volatility_60d,60日残差波动率风险,回撤风险,原始,6,0.12245251538424029
60,risk_residual_volatility_60d,60日残差波动率风险,回撤风险,原始,7,0.13404275747501146
60,risk_residual_volatility_60d,60日残差波动率风险,回撤风险,原始,8,0.14214423635967532
60,risk_residual_volatility_60d,60日残差波动率风险,回撤风险,原始,9,0.1490187959172708
60,risk_residual_volatility_60d,60日残差波动率风险,回撤风险,原始,10,0.17100929599522877
60,risk_residual_volatility_60d,60日残差波动率风险,回撤风险,中性化,1,0.1000324331400201
60,risk_residual_volatility_60d,60日残差波动率风险,回撤风险,中性化,2,0.09784097119128844
60,risk_residual_volatility_60d,60日残差波动率风险,回撤风险,中性化,3,0.11104571057193117
60,risk_residual_volatility_60d,60日残差波动率风险,回撤风险,中性化,4,0.10878411021114372
60,risk_residual_volatility_60d,60日残差波动率风险,回撤风险,中性化,5,0.11632837637795135
60,risk_residual_volatility_60d,60日残差波动率风险,回撤风险,中性化,6,0.12024396671674549
60,risk_residual_volatility_60d,60日残差波动率风险,回撤风险,中性化,7,0.12967894710998365
60,risk_residual_volatility_60d,60日残差波动率风险,回撤风险,中性化,8,0.1317191304049164
60,risk_residual_volatility_60d,60日残差波动率风险,回撤风险,中性化,9,0.1467909402918326
60,risk_residual_volatility_60d,60日残差波动率风险,回撤风险,中性化,10,0.17096183740477686
60,risk_liquidity_pressure_60d,60日流动性压力,回撤风险,原始,1,0.13312953876908024
60,risk_liquidity_pressure_60d,60日流动性压力,回撤风险,原始,2,0.12731153576924184
60,risk_liquidity_pressure_60d,60日流动性压力,回撤风险,原始,3,0.12681851098782843
60,risk_liquidity_pressure_60d,60日流动性压力,回撤风险,原始,4,0.12187303598318915
60,risk_liquidity_pressure_60d,60日流动性压力,回撤风险,原始,5,0.12665356301603145
60,risk_liquidity_pressure_60d,60日流动性压力,回撤风险,原始,6,0.1192527663477038
60,risk_liquidity_pressure_60d,60日流动性压力,回撤风险,原始,7,0.12168048786978669
60,risk_liquidity_pressure_60d,60日流动性压力,回撤风险,原始,8,0.12068032524466521
60,risk_liquidity_pressure_60d,60日流动性压力,回撤风险,原始,9,0.11577913252985791
60,risk_liquidity_pressure_60d,60日流动性压力,回撤风险,原始,10,0.11886665900036622
60,risk_liquidity_pressure_60d,60日流动性压力,回撤风险,中性化,1,0.1359955902310632
60,risk_liquidity_pressure_60d,60日流动性压力,回撤风险,中性化,2,0.12895673419920856
60,risk_liquidity_pressure_60d,60日流动性压力,回撤风险,中性化,3,0.1255309957753137
60,risk_liquidity_pressure_60d,60日流动性压力,回撤风险,中性化,4,0.1248975046848648
60,risk_liquidity_pressure_60d,60日流动性压力,回撤风险,中性化,5,0.11782209632630303
60,risk_liquidity_pressure_60d,60日流动性压力,回撤风险,中性化,6,0.11624769092287088
60,risk_liquidity_pressure_60d,60日流动性压力,回撤风险,中性化,7,0.12204097273829362
60,risk_liquidity_pressure_60d,60日流动性压力,回撤风险,中性化,8,0.11706446390727428
60,risk_liquidity_pressure_60d,60日流动性压力,回撤风险,中性化,9,0.12091093032450405
60,risk_liquidity_pressure_60d,60日流动性压力,回撤风险,中性化,10,0.12330316587644964
60,risk_cvar_60d,60日尾部损失（CVaR）,回撤风险,原始,1,0.0864306576517698
60,risk_cvar_60d,60日尾部损失（CVaR）,回撤风险,原始,2,0.09965397099952913
60,risk_cvar_60d,60日尾部损失（CVaR）,回撤风险,原始,3,0.10859540172875282
60,risk_cvar_60d,60日尾部损失（CVaR）,回撤风险,原始,4,0.11611828486905565
60,risk_cvar_60d,60日尾部损失（CVaR）,回撤风险,原始,5,0.12114288265954984
60,risk_cvar_60d,60日尾部损失（CVaR）,回撤风险,原始,6,0.12965689795469276
60,risk_cvar_60d,60日尾部损失（CVaR）,回撤风险,原始,7,0.1289745199995655
60,risk_cvar_60d,60日尾部损失（CVaR）,回撤风险,原始,8,0.13327619493276743
60,risk_cvar_60d,60日尾部损失（CVaR）,回撤风险,原始,9,0.1448110620581502
60,risk_cvar_60d,60日尾部损失（CVaR）,回撤风险,原始,10,0.16094581422804852
60,risk_cvar_60d,60日尾部损失（CVaR）,回撤风险,中性化,1,0.10400598986038345
60,risk_cvar_60d,60日尾部损失（CVaR）,回撤风险,中性化,2,0.10691385527077513
60,risk_cvar_60d,60日尾部损失（CVaR）,回撤风险,中性化,3,0.11064875380087356
60,risk_cvar_60d,60日尾部损失（CVaR）,回撤风险,中性化,4,0.11546238240986995
60,risk_cvar_60d,60日尾部损失（CVaR）,回撤风险,中性化,5,0.11093258259247984
60,risk_cvar_60d,60日尾部损失（CVaR）,回撤风险,中性化,6,0.12320226308056678
60,risk_cvar_60d,60日尾部损失（CVaR）,回撤风险,中性化,7,0.13039644636118458
60,risk_cvar_60d,60日尾部损失（CVaR）,回撤风险,中性化,8,0.13058828947278447
60,risk_cvar_60d,60日尾部损失（CVaR）,回撤风险,中性化,9,0.14118392160821594
60,risk_cvar_60d,60日尾部损失（CVaR）,回撤风险,中性化,10,0.15710565803315424
120,trend_5d,5日趋势,收益,原始,1,0.02399368911508427
120,trend_5d,5日趋势,收益,原始,2,0.019981350546018906
120,trend_5d,5日趋势,收益,原始,3,0.06410785319211212
120,trend_5d,5日趋势,收益,原始,4,0.06947797312103157
120,trend_5d,5日趋势,收益,原始,5,0.06228148007670481
120,trend_5d,5日趋势,收益,原始,6,0.04699757773169603
120,trend_5d,5日趋势,收益,原始,7,0.06502360984042507
120,trend_5d,5日趋势,收益,原始,8,0.05589765075975499
120,trend_5d,5日趋势,收益,原始,9,0.07372961101023444
120,trend_5d,5日趋势,收益,原始,10,0.04514551901865347
120,trend_5d,5日趋势,收益,中性化,1,0.03881869237992045
120,trend_5d,5日趋势,收益,中性化,2,0.06059847460705121
120,trend_5d,5日趋势,收益,中性化,3,0.044068624171534086
120,trend_5d,5日趋势,收益,中性化,4,0.03990780338675619
120,trend_5d,5日趋势,收益,中性化,5,0.08017074375168096
120,trend_5d,5日趋势,收益,中性化,6,0.027043224995036825
120,trend_5d,5日趋势,收益,中性化,7,0.09509025875977685
120,trend_5d,5日趋势,收益,中性化,8,0.04299045116320146
120,trend_5d,5日趋势,收益,中性化,9,0.05306517845818205
120,trend_5d,5日趋势,收益,中性化,10,0.03257825805006177
120,trend_20d,20日趋势,收益,原始,1,0.03900636212812254
120,trend_20d,20日趋势,收益,原始,2,0.05284533688736152
120,trend_20d,20日趋势,收益,原始,3,0.02267008241935933
120,trend_20d,20日趋势,收益,原始,4,0.06009529747593149
120,trend_20d,20日趋势,收益,原始,5,0.03333977425902458
120,trend_20d,20日趋势,收益,原始,6,0.06048267599277373
120,trend_20d,20日趋势,收益,原始,7,0.044481538949310666
120,trend_20d,20日趋势,收益,原始,8,0.09799182206809039
120,trend_20d,20日趋势,收益,原始,9,0.06898047610603997
120,trend_20d,20日趋势,收益,原始,10,0.04154888047314974
120,trend_20d,20日趋势,收益,中性化,1,0.05407489532449824
120,trend_20d,20日趋势,收益,中性化,2,0.021287584155247903
120,trend_20d,20日趋势,收益,中性化,3,0.05265391023898575
120,trend_20d,20日趋势,收益,中性化,4,0.03359508086895152
120,trend_20d,20日趋势,收益,中性化,5,0.05272578162625522
120,trend_20d,20日趋势,收益,中性化,6,0.08056179323529697
120,trend_20d,20日趋势,收益,中性化,7,0.04685420848368769
120,trend_20d,20日趋势,收益,中性化,8,0.05499056574050866
120,trend_20d,20日趋势,收益,中性化,9,0.0850737002932397
120,trend_20d,20日趋势,收益,中性化,10,0.025215192424834075
120,trend_60_ex_20,60日剔除近20日趋势,收益,原始,1,0.03082751304196185
120,trend_60_ex_20,60日剔除近20日趋势,收益,原始,2,0.05427570116547842
120,trend_60_ex_20,60日剔除近20日趋势,收益,原始,3,0.10475708321262951
120,trend_60_ex_20,60日剔除近20日趋势,收益,原始,4,0.049716375869968195
120,trend_60_ex_20,60日剔除近20日趋势,收益,原始,5,0.07720907599845576
120,trend_60_ex_20,60日剔除近20日趋势,收益,原始,6,0.0579888987081754
120,trend_60_ex_20,60日剔除近20日趋势,收益,原始,7,0.031859276300921884
120,trend_60_ex_20,60日剔除近20日趋势,收益,原始,8,0.020722550805482767
120,trend_60_ex_20,60日剔除近20日趋势,收益,原始,9,0.039227596216531206
120,trend_60_ex_20,60日剔除近20日趋势,收益,原始,10,0.05548261797416622
120,trend_60_ex_20,60日剔除近20日趋势,收益,中性化,1,0.02242641385477594
120,trend_60_ex_20,60日剔除近20日趋势,收益,中性化,2,0.07014238445404179
120,trend_60_ex_20,60日剔除近20日趋势,收益,中性化,3,0.056709670994026386
120,trend_60_ex_20,60日剔除近20日趋势,收益,中性化,4,0.06293932585726367
120,trend_60_ex_20,60日剔除近20日趋势,收益,中性化,5,0.04857144798418094
120,trend_60_ex_20,60日剔除近20日趋势,收益,中性化,6,0.06836191131647305
120,trend_60_ex_20,60日剔除近20日趋势,收益,中性化,7,0.041492761494069344
120,trend_60_ex_20,60日剔除近20日趋势,收益,中性化,8,0.0560291837490247
120,trend_60_ex_20,60日剔除近20日趋势,收益,中性化,9,0.01933543450277047
120,trend_60_ex_20,60日剔除近20日趋势,收益,中性化,10,0.06363709879153982
120,trend_120_ex_20,120日剔除近20日趋势,收益,原始,1,0.05929100980108496
120,trend_120_ex_20,120日剔除近20日趋势,收益,原始,2,0.04371209080982864
120,trend_120_ex_20,120日剔除近20日趋势,收益,原始,3,0.03487815300373254
120,trend_120_ex_20,120日剔除近20日趋势,收益,原始,4,0.0621982384599015
120,trend_120_ex_20,120日剔除近20日趋势,收益,原始,5,0.038221670219698405
120,trend_120_ex_20,120日剔除近20日趋势,收益,原始,6,0.04796345933314503
120,trend_120_ex_20,120日剔除近20日趋势,收益,原始,7,0.03366637301649399
120,trend_120_ex_20,120日剔除近20日趋势,收益,原始,8,0.07498350500976983
120,trend_120_ex_20,120日剔除近20日趋势,收益,原始,9,0.04437261433426799
120,trend_120_ex_20,120日剔除近20日趋势,收益,原始,10,0.07468119188221753
120,trend_120_ex_20,120日剔除近20日趋势,收益,中性化,1,0.03537823682014064
120,trend_120_ex_20,120日剔除近20日趋势,收益,中性化,2,0.049682420792338804
120,trend_120_ex_20,120日剔除近20日趋势,收益,中性化,3,0.042676173487245395
120,trend_120_ex_20,120日剔除近20日趋势,收益,中性化,4,0.03280574221168951
120,trend_120_ex_20,120日剔除近20日趋势,收益,中性化,5,0.03581730695082471
120,trend_120_ex_20,120日剔除近20日趋势,收益,中性化,6,0.06720530788693531
120,trend_120_ex_20,120日剔除近20日趋势,收益,中性化,7,0.05571006686115513
120,trend_120_ex_20,120日剔除近20日趋势,收益,中性化,8,0.07380838918260149
120,trend_120_ex_20,120日剔除近20日趋势,收益,中性化,9,0.04312181569448846
120,trend_120_ex_20,120日剔除近20日趋势,收益,中性化,10,0.06972397206488395
120,value_bp,账面市值比（BP）,收益,原始,1,0.05088860957113988
120,value_bp,账面市值比（BP）,收益,原始,2,0.019103238047068143
120,value_bp,账面市值比（BP）,收益,原始,3,0.04041900660832176
120,value_bp,账面市值比（BP）,收益,原始,4,0.04882131245917408
120,value_bp,账面市值比（BP）,收益,原始,5,0.04013677583877367
120,value_bp,账面市值比（BP）,收益,原始,6,0.03214315408649398
120,value_bp,账面市值比（BP）,收益,原始,7,0.08558116792205263
120,value_bp,账面市值比（BP）,收益,原始,8,0.053372191237650066
120,value_bp,账面市值比（BP）,收益,原始,9,0.06426603389036921
120,value_bp,账面市值比（BP）,收益,原始,10,0.06987084536087541
120,value_bp,账面市值比（BP）,收益,中性化,1,0.05061314574464732
120,value_bp,账面市值比（BP）,收益,中性化,2,0.049136024352893895
120,value_bp,账面市值比（BP）,收益,中性化,3,0.044886422638711024
120,value_bp,账面市值比（BP）,收益,中性化,4,0.06806142034087405
120,value_bp,账面市值比（BP）,收益,中性化,5,0.06174500812778263
120,value_bp,账面市值比（BP）,收益,中性化,6,-6.737255125624805e-05
120,value_bp,账面市值比（BP）,收益,中性化,7,0.06853470470873677
120,value_bp,账面市值比（BP）,收益,中性化,8,0.054419990391061775
120,value_bp,账面市值比（BP）,收益,中性化,9,0.03565342412217782
120,value_bp,账面市值比（BP）,收益,中性化,10,0.0703370498517764
120,value_ep,盈利收益率（EP）,收益,原始,1,0.01630506883012945
120,value_ep,盈利收益率（EP）,收益,原始,2,0.072560270324397
120,value_ep,盈利收益率（EP）,收益,原始,3,0.08105136500969803
120,value_ep,盈利收益率（EP）,收益,原始,4,0.054796649750988545
120,value_ep,盈利收益率（EP）,收益,原始,5,0.03936670345290986
120,value_ep,盈利收益率（EP）,收益,原始,6,0.027227988267413804
120,value_ep,盈利收益率（EP）,收益,原始,7,0.0370795051247172
120,value_ep,盈利收益率（EP）,收益,原始,8,0.02388012730852127
120,value_ep,盈利收益率（EP）,收益,原始,9,0.08088553796822966
120,value_ep,盈利收益率（EP）,收益,原始,10,0.014660313687409872
120,value_ep,盈利收益率（EP）,收益,中性化,1,0.04869818846030781
120,value_ep,盈利收益率（EP）,收益,中性化,2,0.045047883457322344
120,value_ep,盈利收益率（EP）,收益,中性化,3,0.04365856306832651
120,value_ep,盈利收益率（EP）,收益,中性化,4,0.07312426606892086
120,value_ep,盈利收益率（EP）,收益,中性化,5,0.026946165012511885
120,value_ep,盈利收益率（EP）,收益,中性化,6,0.03003076825154454
120,value_ep,盈利收益率（EP）,收益,中性化,7,0.036005541918184114
120,value_ep,盈利收益率（EP）,收益,中性化,8,0.032804583664262234
120,value_ep,盈利收益率（EP）,收益,中性化,9,0.06493062014344848
120,value_ep,盈利收益率（EP）,收益,中性化,10,0.043360930985766086
120,liquidity_turnover_20d,20日平均换手率,收益,原始,1,0.03283086848963175
120,liquidity_turnover_20d,20日平均换手率,收益,原始,2,0.04946365835700459
120,liquidity_turnover_20d,20日平均换手率,收益,原始,3,0.048160381453166014
120,liquidity_turnover_20d,20日平均换手率,收益,原始,4,0.04348692760440005
120,liquidity_turnover_20d,20日平均换手率,收益,原始,5,0.06765287098308284
120,liquidity_turnover_20d,20日平均换手率,收益,原始,6,0.0635249447957519
120,liquidity_turnover_20d,20日平均换手率,收益,原始,7,0.04184334626562055
120,liquidity_turnover_20d,20日平均换手率,收益,原始,8,0.05611380855843552
120,liquidity_turnover_20d,20日平均换手率,收益,原始,9,0.0724908184497932
120,liquidity_turnover_20d,20日平均换手率,收益,原始,10,0.03913564265922379
120,liquidity_turnover_20d,20日平均换手率,收益,中性化,1,0.0617500653848058
120,liquidity_turnover_20d,20日平均换手率,收益,中性化,2,0.10085066328735633
120,liquidity_turnover_20d,20日平均换手率,收益,中性化,3,0.062289311298600755
120,liquidity_turnover_20d,20日平均换手率,收益,中性化,4,0.049442977687256924
120,liquidity_turnover_20d,20日平均换手率,收益,中性化,5,0.04091792163472422
120,liquidity_turnover_20d,20日平均换手率,收益,中性化,6,0.025306985000137488
120,liquidity_turnover_20d,20日平均换手率,收益,中性化,7,0.02037296209088608
120,liquidity_turnover_20d,20日平均换手率,收益,中性化,8,0.05805422819733067
120,liquidity_turnover_20d,20日平均换手率,收益,中性化,9,0.05622872485658333
120,liquidity_turnover_20d,20日平均换手率,收益,中性化,10,0.03467086100943043
120,crowding_max_return_20d,20日最大单日涨幅,收益,原始,1,0.03672785026928734
120,crowding_max_return_20d,20日最大单日涨幅,收益,原始,2,0.03829405777127721
120,crowding_max_return_20d,20日最大单日涨幅,收益,原始,3,0.027475712824197956
120,crowding_max_return_20d,20日最大单日涨幅,收益,原始,4,0.09477375334231963
120,crowding_max_return_20d,20日最大单日涨幅,收益,原始,5,0.0687285514799435
120,crowding_max_return_20d,20日最大单日涨幅,收益,原始,6,0.0548604208333876
120,crowding_max_return_20d,20日最大单日涨幅,收益,原始,7,0.04956233535809118
120,crowding_max_return_20d,20日最大单日涨幅,收益,原始,8,0.03873365578840839
120,crowding_max_return_20d,20日最大单日涨幅,收益,原始,9,0.058007032937220544
120,crowding_max_return_20d,20日最大单日涨幅,收益,原始,10,0.057973048618933966
120,crowding_max_return_20d,20日最大单日涨幅,收益,中性化,1,0.06527193953514274
120,crowding_max_return_20d,20日最大单日涨幅,收益,中性化,2,0.07329058012629573
120,crowding_max_return_20d,20日最大单日涨幅,收益,中性化,3,0.03505609370995557
120,crowding_max_return_20d,20日最大单日涨幅,收益,中性化,4,0.05590164712450042
120,crowding_max_return_20d,20日最大单日涨幅,收益,中性化,5,0.032512109117411946
120,crowding_max_return_20d,20日最大单日涨幅,收益,中性化,6,0.025550068188589566
120,crowding_max_return_20d,20日最大单日涨幅,收益,中性化,7,0.04770247235710752
120,crowding_max_return_20d,20日最大单日涨幅,收益,中性化,8,0.06239716631828106
120,crowding_max_return_20d,20日最大单日涨幅,收益,中性化,9,0.041921824610529616
120,crowding_max_return_20d,20日最大单日涨幅,收益,中性化,10,0.07045068154692478
120,risk_volatility_20d,20日波动率风险,回撤风险,原始,1,0.11418953309705017
120,risk_volatility_20d,20日波动率风险,回撤风险,原始,2,0.13953411104504268
120,risk_volatility_20d,20日波动率风险,回撤风险,原始,3,0.14776615981228605
120,risk_volatility_20d,20日波动率风险,回撤风险,原始,4,0.1678309890404308
120,risk_volatility_20d,20日波动率风险,回撤风险,原始,5,0.1748928917871095
120,risk_volatility_20d,20日波动率风险,回撤风险,原始,6,0.190717904906041
120,risk_volatility_20d,20日波动率风险,回撤风险,原始,7,0.1936455873590306
120,risk_volatility_20d,20日波动率风险,回撤风险,原始,8,0.19598605978253253
120,risk_volatility_20d,20日波动率风险,回撤风险,原始,9,0.2135680259895352
120,risk_volatility_20d,20日波动率风险,回撤风险,原始,10,0.24202584938432983
120,risk_volatility_20d,20日波动率风险,回撤风险,中性化,1,0.14173705123026434
120,risk_volatility_20d,20日波动率风险,回撤风险,中性化,2,0.1463545462368508
120,risk_volatility_20d,20日波动率风险,回撤风险,中性化,3,0.15419587747694335
120,risk_volatility_20d,20日波动率风险,回撤风险,中性化,4,0.16056275057143535
120,risk_volatility_20d,20日波动率风险,回撤风险,中性化,5,0.17163766384550197
120,risk_volatility_20d,20日波动率风险,回撤风险,中性化,6,0.1796679467252737
120,risk_volatility_20d,20日波动率风险,回撤风险,中性化,7,0.18198669512917462
120,risk_volatility_20d,20日波动率风险,回撤风险,中性化,8,0.19476257491788024
120,risk_volatility_20d,20日波动率风险,回撤风险,中性化,9,0.20425754846858285
120,risk_volatility_20d,20日波动率风险,回撤风险,中性化,10,0.2453760838754511
120,risk_volatility_60d,60日波动率风险,回撤风险,原始,1,0.11338801154936551
120,risk_volatility_60d,60日波动率风险,回撤风险,原始,2,0.13592113668110165
120,risk_volatility_60d,60日波动率风险,回撤风险,原始,3,0.15670903263905753
120,risk_volatility_60d,60日波动率风险,回撤风险,原始,4,0.16246923266452207
120,risk_volatility_60d,60日波动率风险,回撤风险,原始,5,0.16918501781932083
120,risk_volatility_60d,60日波动率风险,回撤风险,原始,6,0.18322273666568287
120,risk_volatility_60d,60日波动率风险,回撤风险,原始,7,0.19786429852848936
120,risk_volatility_60d,60日波动率风险,回撤风险,原始,8,0.2059195591596336
120,risk_volatility_60d,60日波动率风险,回撤风险,原始,9,0.21252929966716777
120,risk_volatility_60d,60日波动率风险,回撤风险,原始,10,0.2432939225402781
120,risk_volatility_60d,60日波动率风险,回撤风险,中性化,1,0.1379815299740788
120,risk_volatility_60d,60日波动率风险,回撤风险,中性化,2,0.14950971394642762
120,risk_volatility_60d,60日波动率风险,回撤风险,中性化,3,0.15429851237483122
120,risk_volatility_60d,60日波动率风险,回撤风险,中性化,4,0.1675795312435629
120,risk_volatility_60d,60日波动率风险,回撤风险,中性化,5,0.16579798247373315
120,risk_volatility_60d,60日波动率风险,回撤风险,中性化,6,0.17969138049517755
120,risk_volatility_60d,60日波动率风险,回撤风险,中性化,7,0.18062284417181226
120,risk_volatility_60d,60日波动率风险,回撤风险,中性化,8,0.19565032812510208
120,risk_volatility_60d,60日波动率风险,回撤风险,中性化,9,0.20992068323483568
120,risk_volatility_60d,60日波动率风险,回撤风险,中性化,10,0.23935595088125955
120,risk_drawdown_60d,距60日高点回撤风险,回撤风险,原始,1,0.18637603577198916
120,risk_drawdown_60d,距60日高点回撤风险,回撤风险,原始,2,0.16243422045955885
120,risk_drawdown_60d,距60日高点回撤风险,回撤风险,原始,3,0.16335702937495547
120,risk_drawdown_60d,距60日高点回撤风险,回撤风险,原始,4,0.16880223431249414
120,risk_drawdown_60d,距60日高点回撤风险,回撤风险,原始,5,0.16798865792342635
120,risk_drawdown_60d,距60日高点回撤风险,回撤风险,原始,6,0.17622148193576823
120,risk_drawdown_60d,距60日高点回撤风险,回撤风险,原始,7,0.17904706329049694
120,risk_drawdown_60d,距60日高点回撤风险,回撤风险,原始,8,0.1819511517549945
120,risk_drawdown_60d,距60日高点回撤风险,回撤风险,原始,9,0.1850275342241224
120,risk_drawdown_60d,距60日高点回撤风险,回撤风险,原始,10,0.20837952196959983
120,risk_drawdown_60d,距60日高点回撤风险,回撤风险,中性化,1,0.18951477896067598
120,risk_drawdown_60d,距60日高点回撤风险,回撤风险,中性化,2,0.17372187678819512
120,risk_drawdown_60d,距60日高点回撤风险,回撤风险,中性化,3,0.16487681999388298
120,risk_drawdown_60d,距60日高点回撤风险,回撤风险,中性化,4,0.17044638578934054
120,risk_drawdown_60d,距60日高点回撤风险,回撤风险,中性化,5,0.1672709173946604
120,risk_drawdown_60d,距60日高点回撤风险,回撤风险,中性化,6,0.1668554981776538
120,risk_drawdown_60d,距60日高点回撤风险,回撤风险,中性化,7,0.17044643237788787
120,risk_drawdown_60d,距60日高点回撤风险,回撤风险,中性化,8,0.1855646780707318
120,risk_drawdown_60d,距60日高点回撤风险,回撤风险,中性化,9,0.18912213554464444
120,risk_drawdown_60d,距60日高点回撤风险,回撤风险,中性化,10,0.2027193759625481
120,risk_max_return_20d,20日最大单日涨幅风险,回撤风险,原始,1,0.13311462577405717
120,risk_max_return_20d,20日最大单日涨幅风险,回撤风险,原始,2,0.14385960774741105
120,risk_max_return_20d,20日最大单日涨幅风险,回撤风险,原始,3,0.15826783911276834
120,risk_max_return_20d,20日最大单日涨幅风险,回撤风险,原始,4,0.15944844049028445
120,risk_max_return_20d,20日最大单日涨幅风险,回撤风险,原始,5,0.17607507714498055
120,risk_max_return_20d,20日最大单日涨幅风险,回撤风险,原始,6,0.17796032935922512
120,risk_max_return_20d,20日最大单日涨幅风险,回撤风险,原始,7,0.19533487733345187
120,risk_max_return_20d,20日最大单日涨幅风险,回撤风险,原始,8,0.2082019976540333
120,risk_max_return_20d,20日最大单日涨幅风险,回撤风险,原始,9,0.2019686508463571
120,risk_max_return_20d,20日最大单日涨幅风险,回撤风险,原始,10,0.22602519819766265
120,risk_max_return_20d,20日最大单日涨幅风险,回撤风险,中性化,1,0.1530251936972766
120,risk_max_return_20d,20日最大单日涨幅风险,回撤风险,中性化,2,0.1484803254807415
120,risk_max_return_20d,20日最大单日涨幅风险,回撤风险,中性化,3,0.15507434169779938
120,risk_max_return_20d,20日最大单日涨幅风险,回撤风险,中性化,4,0.1559442079204761
120,risk_max_return_20d,20日最大单日涨幅风险,回撤风险,中性化,5,0.17094042690252026
120,risk_max_return_20d,20日最大单日涨幅风险,回撤风险,中性化,6,0.18118532462404868
120,risk_max_return_20d,20日最大单日涨幅风险,回撤风险,中性化,7,0.1901872737876551
120,risk_max_return_20d,20日最大单日涨幅风险,回撤风险,中性化,8,0.19512280870053952
120,risk_max_return_20d,20日最大单日涨幅风险,回撤风险,中性化,9,0.20080322028787942
120,risk_max_return_20d,20日最大单日涨幅风险,回撤风险,中性化,10,0.22923170706778678
120,risk_downside_volatility_60d,60日下行波动率风险,回撤风险,原始,1,0.12504885786241596
120,risk_downside_volatility_60d,60日下行波动率风险,回撤风险,原始,2,0.1458128658337765
120,risk_downside_volatility_60d,60日下行波动率风险,回撤风险,原始,3,0.16059174164531018
120,risk_downside_volatility_60d,60日下行波动率风险,回撤风险,原始,4,0.17085582029458293
120,risk_downside_volatility_60d,60日下行波动率风险,回撤风险,原始,5,0.18205000338413924
120,risk_downside_volatility_60d,60日下行波动率风险,回撤风险,原始,6,0.1957583865409125
120,risk_downside_volatility_60d,60日下行波动率风险,回撤风险,原始,7,0.1877421994135723
120,risk_downside_volatility_60d,60日下行波动率风险,回撤风险,原始,8,0.19200311014359883
120,risk_downside_volatility_60d,60日下行波动率风险,回撤风险,原始,9,0.19104385141506078
120,risk_downside_volatility_60d,60日下行波动率风险,回撤风险,原始,10,0.2302657617883989
120,risk_downside_volatility_60d,60日下行波动率风险,回撤风险,中性化,1,0.14786836173913068
120,risk_downside_volatility_60d,60日下行波动率风险,回撤风险,中性化,2,0.16023768573834568
120,risk_downside_volatility_60d,60日下行波动率风险,回撤风险,中性化,3,0.16972137806758542
120,risk_downside_volatility_60d,60日下行波动率风险,回撤风险,中性化,4,0.16548529180368315
120,risk_downside_volatility_60d,60日下行波动率风险,回撤风险,中性化,5,0.1711386441419041
120,risk_downside_volatility_60d,60日下行波动率风险,回撤风险,中性化,6,0.1792293191949612
120,risk_downside_volatility_60d,60日下行波动率风险,回撤风险,中性化,7,0.18807242118447573
120,risk_downside_volatility_60d,60日下行波动率风险,回撤风险,中性化,8,0.18045028539664304
120,risk_downside_volatility_60d,60日下行波动率风险,回撤风险,中性化,9,0.19726531172150913
120,risk_downside_volatility_60d,60日下行波动率风险,回撤风险,中性化,10,0.2217736210892586
120,risk_residual_volatility_60d,60日残差波动率风险,回撤风险,原始,1,0.11878697341827553
120,risk_residual_volatility_60d,60日残差波动率风险,回撤风险,原始,2,0.13480801598824632
120,risk_residual_volatility_60d,60日残差波动率风险,回撤风险,原始,3,0.15371073149285425
120,risk_residual_volatility_60d,60日残差波动率风险,回撤风险,原始,4,0.16872742515337508
120,risk_residual_volatility_60d,60日残差波动率风险,回撤风险,原始,5,0.1695473063832151
120,risk_residual_volatility_60d,60日残差波动率风险,回撤风险,原始,6,0.18336665230888136
120,risk_residual_volatility_60d,60日残差波动率风险,回撤风险,原始,7,0.19125733759808444
120,risk_residual_volatility_60d,60日残差波动率风险,回撤风险,原始,8,0.20964250607568324
120,risk_residual_volatility_60d,60日残差波动率风险,回撤风险,原始,9,0.20885768864848245
120,risk_residual_volatility_60d,60日残差波动率风险,回撤风险,原始,10,0.24149783632455932
120,risk_residual_volatility_60d,60日残差波动率风险,回撤风险,中性化,1,0.1423601556768569
120,risk_residual_volatility_60d,60日残差波动率风险,回撤风险,中性化,2,0.14263497109690174
120,risk_residual_volatility_60d,60日残差波动率风险,回撤风险,中性化,3,0.15778693651497308
120,risk_residual_volatility_60d,60日残差波动率风险,回撤风险,中性化,4,0.16207015393064172
120,risk_residual_volatility_60d,60日残差波动率风险,回撤风险,中性化,5,0.17181803988327163
120,risk_residual_volatility_60d,60日残差波动率风险,回撤风险,中性化,6,0.1821670438041951
120,risk_residual_volatility_60d,60日残差波动率风险,回撤风险,中性化,7,0.18799510388475899
120,risk_residual_volatility_60d,60日残差波动率风险,回撤风险,中性化,8,0.18908649568613747
120,risk_residual_volatility_60d,60日残差波动率风险,回撤风险,中性化,9,0.20519743505185573
120,risk_residual_volatility_60d,60日残差波动率风险,回撤风险,中性化,10,0.2399330714819706
120,risk_liquidity_pressure_60d,60日流动性压力,回撤风险,原始,1,0.1970746779298209
120,risk_liquidity_pressure_60d,60日流动性压力,回撤风险,原始,2,0.1878339796040033
120,risk_liquidity_pressure_60d,60日流动性压力,回撤风险,原始,3,0.17926060678697173
120,risk_liquidity_pressure_60d,60日流动性压力,回撤风险,原始,4,0.18213109977734016
120,risk_liquidity_pressure_60d,60日流动性压力,回撤风险,原始,5,0.1860273977930566
120,risk_liquidity_pressure_60d,60日流动性压力,回撤风险,原始,6,0.17513512717975757
120,risk_liquidity_pressure_60d,60日流动性压力,回撤风险,原始,7,0.1807343155932897
120,risk_liquidity_pressure_60d,60日流动性压力,回撤风险,原始,8,0.16782872394427312
120,risk_liquidity_pressure_60d,60日流动性压力,回撤风险,原始,9,0.1607152331733493
120,risk_liquidity_pressure_60d,60日流动性压力,回撤风险,原始,10,0.16271512719885578
120,risk_liquidity_pressure_60d,60日流动性压力,回撤风险,中性化,1,0.1880407380888096
120,risk_liquidity_pressure_60d,60日流动性压力,回撤风险,中性化,2,0.18656478585122302
120,risk_liquidity_pressure_60d,60日流动性压力,回撤风险,中性化,3,0.18097000133928473
120,risk_liquidity_pressure_60d,60日流动性压力,回撤风险,中性化,4,0.1902530233137249
120,risk_liquidity_pressure_60d,60日流动性压力,回撤风险,中性化,5,0.17990267435351034
120,risk_liquidity_pressure_60d,60日流动性压力,回撤风险,中性化,6,0.16643975566524527
120,risk_liquidity_pressure_60d,60日流动性压力,回撤风险,中性化,7,0.1808342370070251
120,risk_liquidity_pressure_60d,60日流动性压力,回撤风险,中性化,8,0.1644294043258959
120,risk_liquidity_pressure_60d,60日流动性压力,回撤风险,中性化,9,0.16630976627072805
120,risk_liquidity_pressure_60d,60日流动性压力,回撤风险,中性化,10,0.17636277315563445
120,risk_cvar_60d,60日尾部损失（CVaR）,回撤风险,原始,1,0.12128529457141649
120,risk_cvar_60d,60日尾部损失（CVaR）,回撤风险,原始,2,0.14526945035102456
120,risk_cvar_60d,60日尾部损失（CVaR）,回撤风险,原始,3,0.15707477014650081
120,risk_cvar_60d,60日尾部损失（CVaR）,回撤风险,原始,4,0.17404395954561272
120,risk_cvar_60d,60日尾部损失（CVaR）,回撤风险,原始,5,0.17615660093721194
120,risk_cvar_60d,60日尾部损失（CVaR）,回撤风险,原始,6,0.19419360926528206
120,risk_cvar_60d,60日尾部损失（CVaR）,回撤风险,原始,7,0.19415539347073305
120,risk_cvar_60d,60日尾部损失（CVaR）,回撤风险,原始,8,0.18297416115157986
120,risk_cvar_60d,60日尾部损失（CVaR）,回撤风险,原始,9,0.20230014137160854
120,risk_cvar_60d,60日尾部损失（CVaR）,回撤风险,原始,10,0.22497635809840075
120,risk_cvar_60d,60日尾部损失（CVaR）,回撤风险,中性化,1,0.14342311418824868
120,risk_cvar_60d,60日尾部损失（CVaR）,回撤风险,中性化,2,0.16270209584141057
120,risk_cvar_60d,60日尾部损失（CVaR）,回撤风险,中性化,3,0.17280251274391056
120,risk_cvar_60d,60日尾部损失（CVaR）,回撤风险,中性化,4,0.16434132386024775
120,risk_cvar_60d,60日尾部损失（CVaR）,回撤风险,中性化,5,0.15616530131905318
120,risk_cvar_60d,60日尾部损失（CVaR）,回撤风险,中性化,6,0.18042600157039876
120,risk_cvar_60d,60日尾部损失（CVaR）,回撤风险,中性化,7,0.1896812002668488
120,risk_cvar_60d,60日尾部损失（CVaR）,回撤风险,中性化,8,0.18936125983880517
120,risk_cvar_60d,60日尾部损失（CVaR）,回撤风险,中性化,9,0.19339394316655562
120,risk_cvar_60d,60日尾部损失（CVaR）,回撤风险,中性化,10,0.22121623058914075
