test_year,horizon_sessions,healthcare_benchmark,model,factor,factor_label,standardized_coefficient
2023,5,动态申万成分等权,4. 交互项+残差动量+Beta变化,market_beta_60d,60日大盘Beta,-0.0012861743264188893
2023,5,动态申万成分等权,4. 交互项+残差动量+Beta变化,healthcare_beta_60d,60日医药Beta,-0.002445352464389841
2023,5,动态申万成分等权,4. 交互项+残差动量+Beta变化,market_return_20d,沪深300 20日收益,-1.0187592233894915e-17
2023,5,动态申万成分等权,4. 交互项+残差动量+Beta变化,healthcare_return_20d,医药指数20日收益,7.213042478713727e-18
2023,5,动态申万成分等权,4. 交互项+残差动量+Beta变化,healthcare_relative_20d,医药相对大盘20日强弱,-4.3462201727840796e-18
2023,5,动态申万成分等权,4. 交互项+残差动量+Beta变化,market_ma60_gap,沪深300距MA60,7.521828421882592e-18
2023,5,动态申万成分等权,4. 交互项+残差动量+Beta变化,healthcare_ma60_gap,医药指数距MA60,-2.8712227621127137e-18
2023,5,动态申万成分等权,4. 交互项+残差动量+Beta变化,market_beta_x_market_return,大盘Beta×沪深300趋势,0.001407730380905856
2023,5,动态申万成分等权,4. 交互项+残差动量+Beta变化,healthcare_beta_x_healthcare_return,医药Beta×医药趋势,0.0014199335167981006
2023,5,动态申万成分等权,4. 交互项+残差动量+Beta变化,healthcare_beta_x_relative_strength,医药Beta×医药相对强弱,-0.0012573382156196888
2023,5,动态申万成分等权,4. 交互项+残差动量+Beta变化,market_beta_x_market_ma60,大盘Beta×大盘MA60位置,-0.0010808471676096963
2023,5,动态申万成分等权,4. 交互项+残差动量+Beta变化,healthcare_beta_x_healthcare_ma60,医药Beta×医药MA60位置,-0.001551184811659555
2023,5,动态申万成分等权,4. 交互项+残差动量+Beta变化,market_beta_change_60d,大盘Beta近期变化,0.0010037925112141822
2023,5,动态申万成分等权,4. 交互项+残差动量+Beta变化,healthcare_beta_change_60d,医药Beta近期变化,0.0006056283395848223
2023,5,动态申万成分等权,4. 交互项+残差动量+Beta变化,residual_momentum_20d,20日残差动量,-0.0007683010075390711
2023,5,动态申万成分等权,4. 交互项+残差动量+Beta变化,residual_volatility_60d,60日残差波动率,0.000251982140109505
2023,5,动态申万成分等权,4. 交互项+残差动量+Beta变化,two_factor_r_squared_60d,双因子拟合度R²,0.0023728695689048483
2024,5,动态申万成分等权,4. 交互项+残差动量+Beta变化,market_beta_60d,60日大盘Beta,-0.0007686142696683955
2024,5,动态申万成分等权,4. 交互项+残差动量+Beta变化,healthcare_beta_60d,60日医药Beta,-0.001126698143421122
2024,5,动态申万成分等权,4. 交互项+残差动量+Beta变化,market_return_20d,沪深300 20日收益,2.5622121084014053e-18
2024,5,动态申万成分等权,4. 交互项+残差动量+Beta变化,healthcare_return_20d,医药指数20日收益,-2.8472321012055635e-18
2024,5,动态申万成分等权,4. 交互项+残差动量+Beta变化,healthcare_relative_20d,医药相对大盘20日强弱,2.7816408889277127e-18
2024,5,动态申万成分等权,4. 交互项+残差动量+Beta变化,market_ma60_gap,沪深300距MA60,-4.422672216857664e-19
2024,5,动态申万成分等权,4. 交互项+残差动量+Beta变化,healthcare_ma60_gap,医药指数距MA60,2.804761726523386e-19
2024,5,动态申万成分等权,4. 交互项+残差动量+Beta变化,market_beta_x_market_return,大盘Beta×沪深300趋势,0.0004961605913265112
2024,5,动态申万成分等权,4. 交互项+残差动量+Beta变化,healthcare_beta_x_healthcare_return,医药Beta×医药趋势,0.0010693600501951069
2024,5,动态申万成分等权,4. 交互项+残差动量+Beta变化,healthcare_beta_x_relative_strength,医药Beta×医药相对强弱,-0.0006692431501483209
2024,5,动态申万成分等权,4. 交互项+残差动量+Beta变化,market_beta_x_market_ma60,大盘Beta×大盘MA60位置,-0.000610812152686987
2024,5,动态申万成分等权,4. 交互项+残差动量+Beta变化,healthcare_beta_x_healthcare_ma60,医药Beta×医药MA60位置,-0.0016432783277160743
2024,5,动态申万成分等权,4. 交互项+残差动量+Beta变化,market_beta_change_60d,大盘Beta近期变化,0.0013419705523109047
2024,5,动态申万成分等权,4. 交互项+残差动量+Beta变化,healthcare_beta_change_60d,医药Beta近期变化,0.0006622627267762603
2024,5,动态申万成分等权,4. 交互项+残差动量+Beta变化,residual_momentum_20d,20日残差动量,-0.0006525541320715877
2024,5,动态申万成分等权,4. 交互项+残差动量+Beta变化,residual_volatility_60d,60日残差波动率,-0.0007643102762881812
2024,5,动态申万成分等权,4. 交互项+残差动量+Beta变化,two_factor_r_squared_60d,双因子拟合度R²,0.001335171613009597
2025,5,动态申万成分等权,4. 交互项+残差动量+Beta变化,market_beta_60d,60日大盘Beta,-0.0013753896353114396
2025,5,动态申万成分等权,4. 交互项+残差动量+Beta变化,healthcare_beta_60d,60日医药Beta,-0.0007493597785101252
2025,5,动态申万成分等权,4. 交互项+残差动量+Beta变化,market_return_20d,沪深300 20日收益,-6.852374703179227e-19
2025,5,动态申万成分等权,4. 交互项+残差动量+Beta变化,healthcare_return_20d,医药指数20日收益,6.699620099874852e-19
2025,5,动态申万成分等权,4. 交互项+残差动量+Beta变化,healthcare_relative_20d,医药相对大盘20日强弱,-3.293965184128071e-19
2025,5,动态申万成分等权,4. 交互项+残差动量+Beta变化,market_ma60_gap,沪深300距MA60,3.244797304461101e-19
2025,5,动态申万成分等权,4. 交互项+残差动量+Beta变化,healthcare_ma60_gap,医药指数距MA60,-1.2244135069428322e-19
2025,5,动态申万成分等权,4. 交互项+残差动量+Beta变化,market_beta_x_market_return,大盘Beta×沪深300趋势,-0.0018582951522085316
2025,5,动态申万成分等权,4. 交互项+残差动量+Beta变化,healthcare_beta_x_healthcare_return,医药Beta×医药趋势,-5.3593478687723296e-05
2025,5,动态申万成分等权,4. 交互项+残差动量+Beta变化,healthcare_beta_x_relative_strength,医药Beta×医药相对强弱,-0.00016041888277653428
2025,5,动态申万成分等权,4. 交互项+残差动量+Beta变化,market_beta_x_market_ma60,大盘Beta×大盘MA60位置,4.996141703587583e-05
2025,5,动态申万成分等权,4. 交互项+残差动量+Beta变化,healthcare_beta_x_healthcare_ma60,医药Beta×医药MA60位置,-0.0016227244551205492
2025,5,动态申万成分等权,4. 交互项+残差动量+Beta变化,market_beta_change_60d,大盘Beta近期变化,0.0006867906595986948
2025,5,动态申万成分等权,4. 交互项+残差动量+Beta变化,healthcare_beta_change_60d,医药Beta近期变化,-0.00018306338385051387
2025,5,动态申万成分等权,4. 交互项+残差动量+Beta变化,residual_momentum_20d,20日残差动量,-0.0009085096100255899
2025,5,动态申万成分等权,4. 交互项+残差动量+Beta变化,residual_volatility_60d,60日残差波动率,-0.0011788791559910238
2025,5,动态申万成分等权,4. 交互项+残差动量+Beta变化,two_factor_r_squared_60d,双因子拟合度R²,0.0007508388909248743
2026,5,动态申万成分等权,4. 交互项+残差动量+Beta变化,market_beta_60d,60日大盘Beta,-0.000283816970364687
2026,5,动态申万成分等权,4. 交互项+残差动量+Beta变化,healthcare_beta_60d,60日医药Beta,0.0009895358914147351
2026,5,动态申万成分等权,4. 交互项+残差动量+Beta变化,market_return_20d,沪深300 20日收益,5.6295474283316785e-18
2026,5,动态申万成分等权,4. 交互项+残差动量+Beta变化,healthcare_return_20d,医药指数20日收益,-7.554464848786018e-18
2026,5,动态申万成分等权,4. 交互项+残差动量+Beta变化,healthcare_relative_20d,医药相对大盘20日强弱,6.271426920464621e-18
2026,5,动态申万成分等权,4. 交互项+残差动量+Beta变化,market_ma60_gap,沪深300距MA60,-6.433802066527495e-19
2026,5,动态申万成分等权,4. 交互项+残差动量+Beta变化,healthcare_ma60_gap,医药指数距MA60,8.353290962691408e-19
2026,5,动态申万成分等权,4. 交互项+残差动量+Beta变化,market_beta_x_market_return,大盘Beta×沪深300趋势,-0.0015903468657166044
2026,5,动态申万成分等权,4. 交互项+残差动量+Beta变化,healthcare_beta_x_healthcare_return,医药Beta×医药趋势,0.0003634610418949509
2026,5,动态申万成分等权,4. 交互项+残差动量+Beta变化,healthcare_beta_x_relative_strength,医药Beta×医药相对强弱,-0.0003269247202720223
2026,5,动态申万成分等权,4. 交互项+残差动量+Beta变化,market_beta_x_market_ma60,大盘Beta×大盘MA60位置,-4.8689184064267335e-05
2026,5,动态申万成分等权,4. 交互项+残差动量+Beta变化,healthcare_beta_x_healthcare_ma60,医药Beta×医药MA60位置,-0.0015853602876603012
2026,5,动态申万成分等权,4. 交互项+残差动量+Beta变化,market_beta_change_60d,大盘Beta近期变化,0.00015124184449884389
2026,5,动态申万成分等权,4. 交互项+残差动量+Beta变化,healthcare_beta_change_60d,医药Beta近期变化,-0.0006330919933898067
2026,5,动态申万成分等权,4. 交互项+残差动量+Beta变化,residual_momentum_20d,20日残差动量,-0.0007505025803452675
2026,5,动态申万成分等权,4. 交互项+残差动量+Beta变化,residual_volatility_60d,60日残差波动率,-0.0018390546986597352
2026,5,动态申万成分等权,4. 交互项+残差动量+Beta变化,two_factor_r_squared_60d,双因子拟合度R²,-0.00011861741529934044
2023,20,动态申万成分等权,4. 交互项+残差动量+Beta变化,market_beta_60d,60日大盘Beta,-0.008775119439703858
2023,20,动态申万成分等权,4. 交互项+残差动量+Beta变化,healthcare_beta_60d,60日医药Beta,-0.011687792066241086
2023,20,动态申万成分等权,4. 交互项+残差动量+Beta变化,market_return_20d,沪深300 20日收益,7.108916214382154e-17
2023,20,动态申万成分等权,4. 交互项+残差动量+Beta变化,healthcare_return_20d,医药指数20日收益,-6.597757178143647e-17
2023,20,动态申万成分等权,4. 交互项+残差动量+Beta变化,healthcare_relative_20d,医药相对大盘20日强弱,7.081070480943569e-17
2023,20,动态申万成分等权,4. 交互项+残差动量+Beta变化,market_ma60_gap,沪深300距MA60,-8.259365539631292e-18
2023,20,动态申万成分等权,4. 交互项+残差动量+Beta变化,healthcare_ma60_gap,医药指数距MA60,-4.082005988834747e-18
2023,20,动态申万成分等权,4. 交互项+残差动量+Beta变化,market_beta_x_market_return,大盘Beta×沪深300趋势,0.006728776068556041
2023,20,动态申万成分等权,4. 交互项+残差动量+Beta变化,healthcare_beta_x_healthcare_return,医药Beta×医药趋势,-0.0028870111379209994
2023,20,动态申万成分等权,4. 交互项+残差动量+Beta变化,healthcare_beta_x_relative_strength,医药Beta×医药相对强弱,-0.0046260543373227445
2023,20,动态申万成分等权,4. 交互项+残差动量+Beta变化,market_beta_x_market_ma60,大盘Beta×大盘MA60位置,-0.007857266036734901
2023,20,动态申万成分等权,4. 交互项+残差动量+Beta变化,healthcare_beta_x_healthcare_ma60,医药Beta×医药MA60位置,0.002527515365366762
2023,20,动态申万成分等权,4. 交互项+残差动量+Beta变化,market_beta_change_60d,大盘Beta近期变化,0.003903462873147238
2023,20,动态申万成分等权,4. 交互项+残差动量+Beta变化,healthcare_beta_change_60d,医药Beta近期变化,0.0009688397757159785
2023,20,动态申万成分等权,4. 交互项+残差动量+Beta变化,residual_momentum_20d,20日残差动量,-0.001186134222521944
2023,20,动态申万成分等权,4. 交互项+残差动量+Beta变化,residual_volatility_60d,60日残差波动率,0.00237105141727179
2023,20,动态申万成分等权,4. 交互项+残差动量+Beta变化,two_factor_r_squared_60d,双因子拟合度R²,0.010275416102657635
2024,20,动态申万成分等权,4. 交互项+残差动量+Beta变化,market_beta_60d,60日大盘Beta,-0.004619129059051844
2024,20,动态申万成分等权,4. 交互项+残差动量+Beta变化,healthcare_beta_60d,60日医药Beta,-0.005903390107581196
2024,20,动态申万成分等权,4. 交互项+残差动量+Beta变化,market_return_20d,沪深300 20日收益,-4.5455993086297e-17
2024,20,动态申万成分等权,4. 交互项+残差动量+Beta变化,healthcare_return_20d,医药指数20日收益,5.2692455329454625e-17
2024,20,动态申万成分等权,4. 交互项+残差动量+Beta变化,healthcare_relative_20d,医药相对大盘20日强弱,-5.715151418661237e-17
2024,20,动态申万成分等权,4. 交互项+残差动量+Beta变化,market_ma60_gap,沪深300距MA60,-1.3160864128555952e-18
2024,20,动态申万成分等权,4. 交互项+残差动量+Beta变化,healthcare_ma60_gap,医药指数距MA60,2.9259258221605916e-19
2024,20,动态申万成分等权,4. 交互项+残差动量+Beta变化,market_beta_x_market_return,大盘Beta×沪深300趋势,0.005567905663772823
2024,20,动态申万成分等权,4. 交互项+残差动量+Beta变化,healthcare_beta_x_healthcare_return,医药Beta×医药趋势,0.001312017855428475
2024,20,动态申万成分等权,4. 交互项+残差动量+Beta变化,healthcare_beta_x_relative_strength,医药Beta×医药相对强弱,-0.003483201616906872
2024,20,动态申万成分等权,4. 交互项+残差动量+Beta变化,market_beta_x_market_ma60,大盘Beta×大盘MA60位置,-0.00697188803968992
2024,20,动态申万成分等权,4. 交互项+残差动量+Beta变化,healthcare_beta_x_healthcare_ma60,医药Beta×医药MA60位置,-0.00319371215656432
2024,20,动态申万成分等权,4. 交互项+残差动量+Beta变化,market_beta_change_60d,大盘Beta近期变化,0.0048538010443438875
2024,20,动态申万成分等权,4. 交互项+残差动量+Beta变化,healthcare_beta_change_60d,医药Beta近期变化,0.0018133040529701313
2024,20,动态申万成分等权,4. 交互项+残差动量+Beta变化,residual_momentum_20d,20日残差动量,-0.0030351424532355973
2024,20,动态申万成分等权,4. 交互项+残差动量+Beta变化,residual_volatility_60d,60日残差波动率,-0.0022817687452973707
2024,20,动态申万成分等权,4. 交互项+残差动量+Beta变化,two_factor_r_squared_60d,双因子拟合度R²,0.0057137391177692134
2025,20,动态申万成分等权,4. 交互项+残差动量+Beta变化,market_beta_60d,60日大盘Beta,-0.0051942519387446415
2025,20,动态申万成分等权,4. 交互项+残差动量+Beta变化,healthcare_beta_60d,60日医药Beta,-0.0007644419371308392
2025,20,动态申万成分等权,4. 交互项+残差动量+Beta变化,market_return_20d,沪深300 20日收益,-1.1617818016728771e-18
2025,20,动态申万成分等权,4. 交互项+残差动量+Beta变化,healthcare_return_20d,医药指数20日收益,1.1177016594171134e-17
2025,20,动态申万成分等权,4. 交互项+残差动量+Beta变化,healthcare_relative_20d,医药相对大盘20日强弱,-1.1295735856980167e-17
2025,20,动态申万成分等权,4. 交互项+残差动量+Beta变化,market_ma60_gap,沪深300距MA60,-8.34895053344114e-18
2025,20,动态申万成分等权,4. 交互项+残差动量+Beta变化,healthcare_ma60_gap,医药指数距MA60,3.0153333478836364e-18
2025,20,动态申万成分等权,4. 交互项+残差动量+Beta变化,market_beta_x_market_return,大盘Beta×沪深300趋势,-0.0022118796387674815
2025,20,动态申万成分等权,4. 交互项+残差动量+Beta变化,healthcare_beta_x_healthcare_return,医药Beta×医药趋势,-0.004258632909688081
2025,20,动态申万成分等权,4. 交互项+残差动量+Beta变化,healthcare_beta_x_relative_strength,医药Beta×医药相对强弱,-0.00820584877705635
2025,20,动态申万成分等权,4. 交互项+残差动量+Beta变化,market_beta_x_market_ma60,大盘Beta×大盘MA60位置,-0.0034581864371341035
2025,20,动态申万成分等权,4. 交互项+残差动量+Beta变化,healthcare_beta_x_healthcare_ma60,医药Beta×医药MA60位置,-0.0006457439024771405
2025,20,动态申万成分等权,4. 交互项+残差动量+Beta变化,market_beta_change_60d,大盘Beta近期变化,0.0015859469452838128
2025,20,动态申万成分等权,4. 交互项+残差动量+Beta变化,healthcare_beta_change_60d,医药Beta近期变化,-0.0027734402105889636
2025,20,动态申万成分等权,4. 交互项+残差动量+Beta变化,residual_momentum_20d,20日残差动量,-0.002928968983770472
2025,20,动态申万成分等权,4. 交互项+残差动量+Beta变化,residual_volatility_60d,60日残差波动率,-0.004806324770074287
2025,20,动态申万成分等权,4. 交互项+残差动量+Beta变化,two_factor_r_squared_60d,双因子拟合度R²,0.002010536266100983
2026,20,动态申万成分等权,4. 交互项+残差动量+Beta变化,market_beta_60d,60日大盘Beta,-0.002467360860480478
2026,20,动态申万成分等权,4. 交互项+残差动量+Beta变化,healthcare_beta_60d,60日医药Beta,0.0026545473310516693
2026,20,动态申万成分等权,4. 交互项+残差动量+Beta变化,market_return_20d,沪深300 20日收益,7.507613310454989e-18
2026,20,动态申万成分等权,4. 交互项+残差动量+Beta变化,healthcare_return_20d,医药指数20日收益,-5.060616573391303e-18
2026,20,动态申万成分等权,4. 交互项+残差动量+Beta变化,healthcare_relative_20d,医药相对大盘20日强弱,6.575514943883639e-18
2026,20,动态申万成分等权,4. 交互项+残差动量+Beta变化,market_ma60_gap,沪深300距MA60,-1.3957454640746711e-18
2026,20,动态申万成分等权,4. 交互项+残差动量+Beta变化,healthcare_ma60_gap,医药指数距MA60,-1.459874221591775e-18
2026,20,动态申万成分等权,4. 交互项+残差动量+Beta变化,market_beta_x_market_return,大盘Beta×沪深300趋势,-0.004683423159812201
2026,20,动态申万成分等权,4. 交互项+残差动量+Beta变化,healthcare_beta_x_healthcare_return,医药Beta×医药趋势,-0.0033666446363360383
2026,20,动态申万成分等权,4. 交互项+残差动量+Beta变化,healthcare_beta_x_relative_strength,医药Beta×医药相对强弱,-0.005198394926048405
2026,20,动态申万成分等权,4. 交互项+残差动量+Beta变化,market_beta_x_market_ma60,大盘Beta×大盘MA60位置,-0.001586354262795029
2026,20,动态申万成分等权,4. 交互项+残差动量+Beta变化,healthcare_beta_x_healthcare_ma60,医药Beta×医药MA60位置,-0.0018998326299330538
2026,20,动态申万成分等权,4. 交互项+残差动量+Beta变化,market_beta_change_60d,大盘Beta近期变化,-0.00036759542515373483
2026,20,动态申万成分等权,4. 交互项+残差动量+Beta变化,healthcare_beta_change_60d,医药Beta近期变化,-0.003920861457336481
2026,20,动态申万成分等权,4. 交互项+残差动量+Beta变化,residual_momentum_20d,20日残差动量,-0.0021225388313284308
2026,20,动态申万成分等权,4. 交互项+残差动量+Beta变化,residual_volatility_60d,60日残差波动率,-0.005918156377479943
2026,20,动态申万成分等权,4. 交互项+残差动量+Beta变化,two_factor_r_squared_60d,双因子拟合度R²,0.0005378231736878433
2023,5,中证申万医药生物指数,1. 趋势基线,stock_return_5d,个股5日收益,-0.000919437487773395
2023,5,中证申万医药生物指数,1. 趋势基线,stock_return_20d,个股20日收益,-0.0008809759033152015
2023,5,中证申万医药生物指数,1. 趋势基线,stock_return_60_ex_20d,个股60日剔除近20日收益,8.80477382278637e-05
2023,5,中证申万医药生物指数,1. 趋势基线,stock_ma20_gap,个股距MA20,0.0017278704931066563
2023,5,中证申万医药生物指数,1. 趋势基线,stock_ma60_gap,个股距MA60,-0.001386779050957203
2023,5,中证申万医药生物指数,2. 指数状态+双Beta,market_beta_60d,60日大盘Beta,0.0003445762993164393
2023,5,中证申万医药生物指数,2. 指数状态+双Beta,healthcare_beta_60d,60日医药Beta,-0.0008628147407039984
2023,5,中证申万医药生物指数,2. 指数状态+双Beta,market_return_20d,沪深300 20日收益,-5.4479571811995126e-18
2023,5,中证申万医药生物指数,2. 指数状态+双Beta,healthcare_return_20d,医药指数20日收益,7.797050588130881e-19
2023,5,中证申万医药生物指数,2. 指数状态+双Beta,healthcare_relative_20d,医药相对大盘20日强弱,2.5812725893686593e-18
2023,5,中证申万医药生物指数,2. 指数状态+双Beta,market_ma60_gap,沪深300距MA60,1.0072731474295029e-17
2023,5,中证申万医药生物指数,2. 指数状态+双Beta,healthcare_ma60_gap,医药指数距MA60,-5.787155653730306e-18
2023,5,中证申万医药生物指数,3. 状态+双Beta+交互项,market_beta_60d,60日大盘Beta,0.0003159143964452273
2023,5,中证申万医药生物指数,3. 状态+双Beta+交互项,healthcare_beta_60d,60日医药Beta,-0.000999805067428287
2023,5,中证申万医药生物指数,3. 状态+双Beta+交互项,market_return_20d,沪深300 20日收益,-4.122443254882346e-18
2023,5,中证申万医药生物指数,3. 状态+双Beta+交互项,healthcare_return_20d,医药指数20日收益,-1.0577347200713154e-18
2023,5,中证申万医药生物指数,3. 状态+双Beta+交互项,healthcare_relative_20d,医药相对大盘20日强弱,4.133499811434141e-18
2023,5,中证申万医药生物指数,3. 状态+双Beta+交互项,market_ma60_gap,沪深300距MA60,1.0368852622838381e-17
2023,5,中证申万医药生物指数,3. 状态+双Beta+交互项,healthcare_ma60_gap,医药指数距MA60,-6.0706884291547015e-18
2023,5,中证申万医药生物指数,3. 状态+双Beta+交互项,market_beta_x_market_return,大盘Beta×沪深300趋势,0.0019122113048176072
2023,5,中证申万医药生物指数,3. 状态+双Beta+交互项,healthcare_beta_x_healthcare_return,医药Beta×医药趋势,0.0024534621929592952
2023,5,中证申万医药生物指数,3. 状态+双Beta+交互项,healthcare_beta_x_relative_strength,医药Beta×医药相对强弱,-0.0010390399750253758
2023,5,中证申万医药生物指数,3. 状态+双Beta+交互项,market_beta_x_market_ma60,大盘Beta×大盘MA60位置,-0.0022499421899060167
2023,5,中证申万医药生物指数,3. 状态+双Beta+交互项,healthcare_beta_x_healthcare_ma60,医药Beta×医药MA60位置,-0.0029494266710283334
2023,5,中证申万医药生物指数,4. 交互项+残差动量+Beta变化,market_beta_60d,60日大盘Beta,-0.0008324546874789966
2023,5,中证申万医药生物指数,4. 交互项+残差动量+Beta变化,healthcare_beta_60d,60日医药Beta,-0.0020223769143318656
2023,5,中证申万医药生物指数,4. 交互项+残差动量+Beta变化,market_return_20d,沪深300 20日收益,-3.9623651072634056e-18
2023,5,中证申万医药生物指数,4. 交互项+残差动量+Beta变化,healthcare_return_20d,医药指数20日收益,-1.261169338287581e-18
2023,5,中证申万医药生物指数,4. 交互项+残差动量+Beta变化,healthcare_relative_20d,医药相对大盘20日强弱,4.261777033183371e-18
2023,5,中证申万医药生物指数,4. 交互项+残差动量+Beta变化,market_ma60_gap,沪深300距MA60,1.0333115551793361e-17
2023,5,中证申万医药生物指数,4. 交互项+残差动量+Beta变化,healthcare_ma60_gap,医药指数距MA60,-5.992574978632216e-18
2023,5,中证申万医药生物指数,4. 交互项+残差动量+Beta变化,market_beta_x_market_return,大盘Beta×沪深300趋势,0.0018733079611944247
2023,5,中证申万医药生物指数,4. 交互项+残差动量+Beta变化,healthcare_beta_x_healthcare_return,医药Beta×医药趋势,0.002407273261504209
2023,5,中证申万医药生物指数,4. 交互项+残差动量+Beta变化,healthcare_beta_x_relative_strength,医药Beta×医药相对强弱,-0.0009970559474743966
2023,5,中证申万医药生物指数,4. 交互项+残差动量+Beta变化,market_beta_x_market_ma60,大盘Beta×大盘MA60位置,-0.002122322432744135
2023,5,中证申万医药生物指数,4. 交互项+残差动量+Beta变化,healthcare_beta_x_healthcare_ma60,医药Beta×医药MA60位置,-0.002860328295177608
2023,5,中证申万医药生物指数,4. 交互项+残差动量+Beta变化,market_beta_change_60d,大盘Beta近期变化,0.0007984745629704548
2023,5,中证申万医药生物指数,4. 交互项+残差动量+Beta变化,healthcare_beta_change_60d,医药Beta近期变化,0.0006032221544906283
2023,5,中证申万医药生物指数,4. 交互项+残差动量+Beta变化,residual_momentum_20d,20日残差动量,-0.0009003056849905693
2023,5,中证申万医药生物指数,4. 交互项+残差动量+Beta变化,residual_volatility_60d,60日残差波动率,-0.0008580469913497434
2023,5,中证申万医药生物指数,4. 交互项+残差动量+Beta变化,two_factor_r_squared_60d,双因子拟合度R²,0.0010615964253427956
2024,5,中证申万医药生物指数,1. 趋势基线,stock_return_5d,个股5日收益,-0.0012696107495423596
2024,5,中证申万医药生物指数,1. 趋势基线,stock_return_20d,个股20日收益,-0.0006641776608780361
2024,5,中证申万医药生物指数,1. 趋势基线,stock_return_60_ex_20d,个股60日剔除近20日收益,9.13258786468556e-05
2024,5,中证申万医药生物指数,1. 趋势基线,stock_ma20_gap,个股距MA20,0.0016154648843533783
2024,5,中证申万医药生物指数,1. 趋势基线,stock_ma60_gap,个股距MA60,-0.0010205622095860365
2024,5,中证申万医药生物指数,2. 指数状态+双Beta,market_beta_60d,60日大盘Beta,0.0005899648616751388
2024,5,中证申万医药生物指数,2. 指数状态+双Beta,healthcare_beta_60d,60日医药Beta,-0.0003656316479029642
2024,5,中证申万医药生物指数,2. 指数状态+双Beta,market_return_20d,沪深300 20日收益,-9.381153098502948e-18
2024,5,中证申万医药生物指数,2. 指数状态+双Beta,healthcare_return_20d,医药指数20日收益,1.2219404812276167e-17
2024,5,中证申万医药生物指数,2. 指数状态+双Beta,healthcare_relative_20d,医药相对大盘20日强弱,-5.233388461252378e-18
2024,5,中证申万医药生物指数,2. 指数状态+双Beta,market_ma60_gap,沪深300距MA60,5.4931177334478885e-18
2024,5,中证申万医药生物指数,2. 指数状态+双Beta,healthcare_ma60_gap,医药指数距MA60,-5.673184453801454e-18
2024,5,中证申万医药生物指数,3. 状态+双Beta+交互项,market_beta_60d,60日大盘Beta,0.0004589297855906244
2024,5,中证申万医药生物指数,3. 状态+双Beta+交互项,healthcare_beta_60d,60日医药Beta,-0.0005543127212698768
2024,5,中证申万医药生物指数,3. 状态+双Beta+交互项,market_return_20d,沪深300 20日收益,-9.043651865702435e-18
2024,5,中证申万医药生物指数,3. 状态+双Beta+交互项,healthcare_return_20d,医药指数20日收益,1.179859745203847e-17
2024,5,中证申万医药生物指数,3. 状态+双Beta+交互项,healthcare_relative_20d,医药相对大盘20日强弱,-4.9563386824536305e-18
2024,5,中证申万医药生物指数,3. 状态+双Beta+交互项,market_ma60_gap,沪深300距MA60,5.439648468244789e-18
2024,5,中证申万医药生物指数,3. 状态+双Beta+交互项,healthcare_ma60_gap,医药指数距MA60,-5.5953514753598095e-18
2024,5,中证申万医药生物指数,3. 状态+双Beta+交互项,market_beta_x_market_return,大盘Beta×沪深300趋势,0.0009510521556699165
2024,5,中证申万医药生物指数,3. 状态+双Beta+交互项,healthcare_beta_x_healthcare_return,医药Beta×医药趋势,0.0011231267014881793
2024,5,中证申万医药生物指数,3. 状态+双Beta+交互项,healthcare_beta_x_relative_strength,医药Beta×医药相对强弱,-0.0001932644798942122
2024,5,中证申万医药生物指数,3. 状态+双Beta+交互项,market_beta_x_market_ma60,大盘Beta×大盘MA60位置,-0.001554404381205258
2024,5,中证申万医药生物指数,3. 状态+双Beta+交互项,healthcare_beta_x_healthcare_ma60,医药Beta×医药MA60位置,-0.00216379487894928
2024,5,中证申万医药生物指数,4. 交互项+残差动量+Beta变化,market_beta_60d,60日大盘Beta,-0.0005696897427025567
2024,5,中证申万医药生物指数,4. 交互项+残差动量+Beta变化,healthcare_beta_60d,60日医药Beta,-0.0007253511207945095
2024,5,中证申万医药生物指数,4. 交互项+残差动量+Beta变化,market_return_20d,沪深300 20日收益,1.5816690373456753e-18
2024,5,中证申万医药生物指数,4. 交互项+残差动量+Beta变化,healthcare_return_20d,医药指数20日收益,-2.0782220709429117e-18
2024,5,中证申万医药生物指数,4. 交互项+残差动量+Beta变化,healthcare_relative_20d,医药相对大盘20日强弱,1.5671062165604845e-18
2024,5,中证申万医药生物指数,4. 交互项+残差动量+Beta变化,market_ma60_gap,沪深300距MA60,2.103475228718614e-20
2024,5,中证申万医药生物指数,4. 交互项+残差动量+Beta变化,healthcare_ma60_gap,医药指数距MA60,-4.595920957524303e-21
2024,5,中证申万医药生物指数,4. 交互项+残差动量+Beta变化,market_beta_x_market_return,大盘Beta×沪深300趋势,0.0009714422626975653
2024,5,中证申万医药生物指数,4. 交互项+残差动量+Beta变化,healthcare_beta_x_healthcare_return,医药Beta×医药趋势,0.0011178674101225818
2024,5,中证申万医药生物指数,4. 交互项+残差动量+Beta变化,healthcare_beta_x_relative_strength,医药Beta×医药相对强弱,-0.00015612922549719662
2024,5,中证申万医药生物指数,4. 交互项+残差动量+Beta变化,market_beta_x_market_ma60,大盘Beta×大盘MA60位置,-0.0015243427100244094
2024,5,中证申万医药生物指数,4. 交互项+残差动量+Beta变化,healthcare_beta_x_healthcare_ma60,医药Beta×医药MA60位置,-0.0021586176381875027
2024,5,中证申万医药生物指数,4. 交互项+残差动量+Beta变化,market_beta_change_60d,大盘Beta近期变化,0.0013610679752724623
2024,5,中证申万医药生物指数,4. 交互项+残差动量+Beta变化,healthcare_beta_change_60d,医药Beta近期变化,0.0007237540292094512
2024,5,中证申万医药生物指数,4. 交互项+残差动量+Beta变化,residual_momentum_20d,20日残差动量,-0.0007531921281331447
2024,5,中证申万医药生物指数,4. 交互项+残差动量+Beta变化,residual_volatility_60d,60日残差波动率,-0.001615857402442012
2024,5,中证申万医药生物指数,4. 交互项+残差动量+Beta变化,two_factor_r_squared_60d,双因子拟合度R²,0.00021425404444283007
2025,5,中证申万医药生物指数,1. 趋势基线,stock_return_5d,个股5日收益,-0.001981178398305034
2025,5,中证申万医药生物指数,1. 趋势基线,stock_return_20d,个股20日收益,-0.0006835103302487282
2025,5,中证申万医药生物指数,1. 趋势基线,stock_return_60_ex_20d,个股60日剔除近20日收益,0.0007232831824143105
2025,5,中证申万医药生物指数,1. 趋势基线,stock_ma20_gap,个股距MA20,0.002724812991359048
2025,5,中证申万医药生物指数,1. 趋势基线,stock_ma60_gap,个股距MA60,-0.002300214874025064
2025,5,中证申万医药生物指数,2. 指数状态+双Beta,market_beta_60d,60日大盘Beta,0.00010701651992993744
2025,5,中证申万医药生物指数,2. 指数状态+双Beta,healthcare_beta_60d,60日医药Beta,-0.001160049372699961
2025,5,中证申万医药生物指数,2. 指数状态+双Beta,market_return_20d,沪深300 20日收益,-2.4856098416718093e-17
2025,5,中证申万医药生物指数,2. 指数状态+双Beta,healthcare_return_20d,医药指数20日收益,2.948525853500183e-17
2025,5,中证申万医药生物指数,2. 指数状态+双Beta,healthcare_relative_20d,医药相对大盘20日强弱,-1.2163757648457054e-17
2025,5,中证申万医药生物指数,2. 指数状态+双Beta,market_ma60_gap,沪深300距MA60,1.318253707779215e-17
2025,5,中证申万医药生物指数,2. 指数状态+双Beta,healthcare_ma60_gap,医药指数距MA60,-1.4614084504899226e-17
2025,5,中证申万医药生物指数,3. 状态+双Beta+交互项,market_beta_60d,60日大盘Beta,8.247474036113913e-05
2025,5,中证申万医药生物指数,3. 状态+双Beta+交互项,healthcare_beta_60d,60日医药Beta,-0.0013408361681166918
2025,5,中证申万医药生物指数,3. 状态+双Beta+交互项,market_return_20d,沪深300 20日收益,2.39148737700215e-18
2025,5,中证申万医药生物指数,3. 状态+双Beta+交互项,healthcare_return_20d,医药指数20日收益,-3.3559804123389366e-18
2025,5,中证申万医药生物指数,3. 状态+双Beta+交互项,healthcare_relative_20d,医药相对大盘20日强弱,2.560595800614338e-18
2025,5,中证申万医药生物指数,3. 状态+双Beta+交互项,market_ma60_gap,沪深300距MA60,8.27919549906098e-19
2025,5,中证申万医药生物指数,3. 状态+双Beta+交互项,healthcare_ma60_gap,医药指数距MA60,-8.426657627069101e-19
2025,5,中证申万医药生物指数,3. 状态+双Beta+交互项,market_beta_x_market_return,大盘Beta×沪深300趋势,0.0007411879950185395
2025,5,中证申万医药生物指数,3. 状态+双Beta+交互项,healthcare_beta_x_healthcare_return,医药Beta×医药趋势,-0.00012627471748813583
2025,5,中证申万医药生物指数,3. 状态+双Beta+交互项,healthcare_beta_x_relative_strength,医药Beta×医药相对强弱,0.00043760372680530307
2025,5,中证申万医药生物指数,3. 状态+双Beta+交互项,market_beta_x_market_ma60,大盘Beta×大盘MA60位置,-0.0013464711807040773
2025,5,中证申万医药生物指数,3. 状态+双Beta+交互项,healthcare_beta_x_healthcare_ma60,医药Beta×医药MA60位置,-0.0015057105957904434
2025,5,中证申万医药生物指数,4. 交互项+残差动量+Beta变化,market_beta_60d,60日大盘Beta,-0.000253677839215653
2025,5,中证申万医药生物指数,4. 交互项+残差动量+Beta变化,healthcare_beta_60d,60日医药Beta,-0.001242915029158822
2025,5,中证申万医药生物指数,4. 交互项+残差动量+Beta变化,market_return_20d,沪深300 20日收益,2.5061033153697436e-18
2025,5,中证申万医药生物指数,4. 交互项+残差动量+Beta变化,healthcare_return_20d,医药指数20日收益,-3.542461750228957e-18
2025,5,中证申万医药生物指数,4. 交互项+残差动量+Beta变化,healthcare_relative_20d,医药相对大盘20日强弱,2.689735345073963e-18
2025,5,中证申万医药生物指数,4. 交互项+残差动量+Beta变化,market_ma60_gap,沪深300距MA60,8.24826408015029e-19
2025,5,中证申万医药生物指数,4. 交互项+残差动量+Beta变化,healthcare_ma60_gap,医药指数距MA60,-8.193154274901503e-19
2025,5,中证申万医药生物指数,4. 交互项+残差动量+Beta变化,market_beta_x_market_return,大盘Beta×沪深300趋势,0.0007053990490944395
2025,5,中证申万医药生物指数,4. 交互项+残差动量+Beta变化,healthcare_beta_x_healthcare_return,医药Beta×医药趋势,-0.00016057151661918873
2025,5,中证申万医药生物指数,4. 交互项+残差动量+Beta变化,healthcare_beta_x_relative_strength,医药Beta×医药相对强弱,0.000451229788291621
2025,5,中证申万医药生物指数,4. 交互项+残差动量+Beta变化,market_beta_x_market_ma60,大盘Beta×大盘MA60位置,-0.0012200446920088688
2025,5,中证申万医药生物指数,4. 交互项+残差动量+Beta变化,healthcare_beta_x_healthcare_ma60,医药Beta×医药MA60位置,-0.0014401053976914031
2025,5,中证申万医药生物指数,4. 交互项+残差动量+Beta变化,market_beta_change_60d,大盘Beta近期变化,0.000319147476175574
2025,5,中证申万医药生物指数,4. 交互项+残差动量+Beta变化,healthcare_beta_change_60d,医药Beta近期变化,-0.0001516821316567419
2025,5,中证申万医药生物指数,4. 交互项+残差动量+Beta变化,residual_momentum_20d,20日残差动量,-0.0009975707102642668
2025,5,中证申万医药生物指数,4. 交互项+残差动量+Beta变化,residual_volatility_60d,60日残差波动率,-0.0008436161459466292
2025,5,中证申万医药生物指数,4. 交互项+残差动量+Beta变化,two_factor_r_squared_60d,双因子拟合度R²,0.00014240411211270166
2026,5,中证申万医药生物指数,1. 趋势基线,stock_return_5d,个股5日收益,-0.0021614434777664122
2026,5,中证申万医药生物指数,1. 趋势基线,stock_return_20d,个股20日收益,-0.000455558955563411
2026,5,中证申万医药生物指数,1. 趋势基线,stock_return_60_ex_20d,个股60日剔除近20日收益,0.0006257774722918847
2026,5,中证申万医药生物指数,1. 趋势基线,stock_ma20_gap,个股距MA20,0.002365697997002141
2026,5,中证申万医药生物指数,1. 趋势基线,stock_ma60_gap,个股距MA60,-0.0017975368731823682
2026,5,中证申万医药生物指数,2. 指数状态+双Beta,market_beta_60d,60日大盘Beta,0.00046250879233446056
2026,5,中证申万医药生物指数,2. 指数状态+双Beta,healthcare_beta_60d,60日医药Beta,-0.000595582531014207
2026,5,中证申万医药生物指数,2. 指数状态+双Beta,market_return_20d,沪深300 20日收益,7.886033720769038e-18
2026,5,中证申万医药生物指数,2. 指数状态+双Beta,healthcare_return_20d,医药指数20日收益,-1.1280292290977638e-17
2026,5,中证申万医药生物指数,2. 指数状态+双Beta,healthcare_relative_20d,医药相对大盘20日强弱,3.760325987598844e-18
2026,5,中证申万医药生物指数,2. 指数状态+双Beta,market_ma60_gap,沪深300距MA60,-4.75363391981669e-18
2026,5,中证申万医药生物指数,2. 指数状态+双Beta,healthcare_ma60_gap,医药指数距MA60,6.605600707701107e-18
2026,5,中证申万医药生物指数,3. 状态+双Beta+交互项,market_beta_60d,60日大盘Beta,0.0005021502462872791
2026,5,中证申万医药生物指数,3. 状态+双Beta+交互项,healthcare_beta_60d,60日医药Beta,-0.0006361831149530275
2026,5,中证申万医药生物指数,3. 状态+双Beta+交互项,market_return_20d,沪深300 20日收益,3.66341314339061e-18
2026,5,中证申万医药生物指数,3. 状态+双Beta+交互项,healthcare_return_20d,医药指数20日收益,-4.628221185449816e-18
2026,5,中证申万医药生物指数,3. 状态+双Beta+交互项,healthcare_relative_20d,医药相对大盘20日强弱,2.5001317311852512e-18
2026,5,中证申万医药生物指数,3. 状态+双Beta+交互项,market_ma60_gap,沪深300距MA60,-6.175062297653935e-19
2026,5,中证申万医药生物指数,3. 状态+双Beta+交互项,healthcare_ma60_gap,医药指数距MA60,6.070884972798742e-19
2026,5,中证申万医药生物指数,3. 状态+双Beta+交互项,market_beta_x_market_return,大盘Beta×沪深300趋势,0.0003700015753979275
2026,5,中证申万医药生物指数,3. 状态+双Beta+交互项,healthcare_beta_x_healthcare_return,医药Beta×医药趋势,5.847764547077113e-05
2026,5,中证申万医药生物指数,3. 状态+双Beta+交互项,healthcare_beta_x_relative_strength,医药Beta×医药相对强弱,-9.774205984081676e-05
2026,5,中证申万医药生物指数,3. 状态+双Beta+交互项,market_beta_x_market_ma60,大盘Beta×大盘MA60位置,-0.0008912877814502207
2026,5,中证申万医药生物指数,3. 状态+双Beta+交互项,healthcare_beta_x_healthcare_ma60,医药Beta×医药MA60位置,-0.0009851197065285395
2026,5,中证申万医药生物指数,4. 交互项+残差动量+Beta变化,market_beta_60d,60日大盘Beta,0.0007497765673625513
2026,5,中证申万医药生物指数,4. 交互项+残差动量+Beta变化,healthcare_beta_60d,60日医药Beta,0.0003496956534697516
2026,5,中证申万医药生物指数,4. 交互项+残差动量+Beta变化,market_return_20d,沪深300 20日收益,3.801827297872498e-18
2026,5,中证申万医药生物指数,4. 交互项+残差动量+Beta变化,healthcare_return_20d,医药指数20日收益,-4.825775467524201e-18
2026,5,中证申万医药生物指数,4. 交互项+残差动量+Beta变化,healthcare_relative_20d,医药相对大盘20日强弱,2.5945430906007668e-18
2026,5,中证申万医药生物指数,4. 交互项+残差动量+Beta变化,market_ma60_gap,沪深300距MA60,-7.270491349286316e-19
2026,5,中证申万医药生物指数,4. 交互项+残差动量+Beta变化,healthcare_ma60_gap,医药指数距MA60,7.376709920200485e-19
2026,5,中证申万医药生物指数,4. 交互项+残差动量+Beta变化,market_beta_x_market_return,大盘Beta×沪深300趋势,0.00035011285515267873
2026,5,中证申万医药生物指数,4. 交互项+残差动量+Beta变化,healthcare_beta_x_healthcare_return,医药Beta×医药趋势,5.0165589691148205e-05
2026,5,中证申万医药生物指数,4. 交互项+残差动量+Beta变化,healthcare_beta_x_relative_strength,医药Beta×医药相对强弱,-0.00010970912196280803
2026,5,中证申万医药生物指数,4. 交互项+残差动量+Beta变化,market_beta_x_market_ma60,大盘Beta×大盘MA60位置,-0.0008151898450659497
2026,5,中证申万医药生物指数,4. 交互项+残差动量+Beta变化,healthcare_beta_x_healthcare_ma60,医药Beta×医药MA60位置,-0.0009585227727725477
2026,5,中证申万医药生物指数,4. 交互项+残差动量+Beta变化,market_beta_change_60d,大盘Beta近期变化,5.961826025501168e-06
2026,5,中证申万医药生物指数,4. 交互项+残差动量+Beta变化,healthcare_beta_change_60d,医药Beta近期变化,-0.000475105248182136
2026,5,中证申万医药生物指数,4. 交互项+残差动量+Beta变化,residual_momentum_20d,20日残差动量,-0.0007393918050749616
2026,5,中证申万医药生物指数,4. 交互项+残差动量+Beta变化,residual_volatility_60d,60日残差波动率,-0.0012421170390982642
2026,5,中证申万医药生物指数,4. 交互项+残差动量+Beta变化,two_factor_r_squared_60d,双因子拟合度R²,-0.0006479519134331918
2023,20,中证申万医药生物指数,1. 趋势基线,stock_return_5d,个股5日收益,0.00013424988543638507
2023,20,中证申万医药生物指数,1. 趋势基线,stock_return_20d,个股20日收益,-0.009020242633118103
2023,20,中证申万医药生物指数,1. 趋势基线,stock_return_60_ex_20d,个股60日剔除近20日收益,-0.002408429249569559
2023,20,中证申万医药生物指数,1. 趋势基线,stock_ma20_gap,个股距MA20,0.004395136483536169
2023,20,中证申万医药生物指数,1. 趋势基线,stock_ma60_gap,个股距MA60,0.0029922054303682015
2023,20,中证申万医药生物指数,2. 指数状态+双Beta,market_beta_60d,60日大盘Beta,-0.0006179971292285182
2023,20,中证申万医药生物指数,2. 指数状态+双Beta,healthcare_beta_60d,60日医药Beta,-0.0067269856271302796
2023,20,中证申万医药生物指数,2. 指数状态+双Beta,market_return_20d,沪深300 20日收益,1.5583265289418396e-16
2023,20,中证申万医药生物指数,2. 指数状态+双Beta,healthcare_return_20d,医药指数20日收益,-1.8943378389977827e-16
2023,20,中证申万医药生物指数,2. 指数状态+双Beta,healthcare_relative_20d,医药相对大盘20日强弱,1.4333917368747378e-16
2023,20,中证申万医药生物指数,2. 指数状态+双Beta,market_ma60_gap,沪深300距MA60,-8.76304643833583e-18
2023,20,中证申万医药生物指数,2. 指数状态+双Beta,healthcare_ma60_gap,医药指数距MA60,5.091924765441235e-18
2023,20,中证申万医药生物指数,3. 状态+双Beta+交互项,market_beta_60d,60日大盘Beta,-0.002321029613883541
2023,20,中证申万医药生物指数,3. 状态+双Beta+交互项,healthcare_beta_60d,60日医药Beta,-0.008414004967635391
2023,20,中证申万医药生物指数,3. 状态+双Beta+交互项,market_return_20d,沪深300 20日收益,1.6021566869637739e-16
2023,20,中证申万医药生物指数,3. 状态+双Beta+交互项,healthcare_return_20d,医药指数20日收益,-1.9409935629811574e-16
2023,20,中证申万医药生物指数,3. 状态+双Beta+交互项,healthcare_relative_20d,医药相对大盘20日强弱,1.4641527907507738e-16
2023,20,中证申万医药生物指数,3. 状态+双Beta+交互项,market_ma60_gap,沪深300距MA60,-1.001988440062781e-17
2023,20,中证申万医药生物指数,3. 状态+双Beta+交互项,healthcare_ma60_gap,医药指数距MA60,5.8894243588081244e-18
2023,20,中证申万医药生物指数,3. 状态+双Beta+交互项,market_beta_x_market_return,大盘Beta×沪深300趋势,0.007047948346309879
2023,20,中证申万医药生物指数,3. 状态+双Beta+交互项,healthcare_beta_x_healthcare_return,医药Beta×医药趋势,0.0007674218874868082
2023,20,中证申万医药生物指数,3. 状态+双Beta+交互项,healthcare_beta_x_relative_strength,医药Beta×医药相对强弱,-0.003333551904263732
2023,20,中证申万医药生物指数,3. 状态+双Beta+交互项,market_beta_x_market_ma60,大盘Beta×大盘MA60位置,-0.011578388339102626
2023,20,中证申万医药生物指数,3. 状态+双Beta+交互项,healthcare_beta_x_healthcare_ma60,医药Beta×医药MA60位置,-0.007397101039681661
2023,20,中证申万医药生物指数,4. 交互项+残差动量+Beta变化,market_beta_60d,60日大盘Beta,-0.005820636891101653
2023,20,中证申万医药生物指数,4. 交互项+残差动量+Beta变化,healthcare_beta_60d,60日医药Beta,-0.011347172915649784
2023,20,中证申万医药生物指数,4. 交互项+残差动量+Beta变化,market_return_20d,沪深300 20日收益,1.6289839590522557e-16
2023,20,中证申万医药生物指数,4. 交互项+残差动量+Beta变化,healthcare_return_20d,医药指数20日收益,-1.979091016298805e-16
2023,20,中证申万医药生物指数,4. 交互项+残差动量+Beta变化,healthcare_relative_20d,医药相对大盘20日强弱,1.4934248895401917e-16
2023,20,中证申万医药生物指数,4. 交互项+残差动量+Beta变化,market_ma60_gap,沪深300距MA60,-9.870998395929474e-18
2023,20,中证申万医药生物指数,4. 交互项+残差动量+Beta变化,healthcare_ma60_gap,医药指数距MA60,6.073268358763821e-18
2023,20,中证申万医药生物指数,4. 交互项+残差动量+Beta变化,market_beta_x_market_return,大盘Beta×沪深300趋势,0.006656344610480807
2023,20,中证申万医药生物指数,4. 交互项+残差动量+Beta变化,healthcare_beta_x_healthcare_return,医药Beta×医药趋势,0.0004896933586592433
2023,20,中证申万医药生物指数,4. 交互项+残差动量+Beta变化,healthcare_beta_x_relative_strength,医药Beta×医药相对强弱,-0.003190074955589877
2023,20,中证申万医药生物指数,4. 交互项+残差动量+Beta变化,market_beta_x_market_ma60,大盘Beta×大盘MA60位置,-0.010979079002952856
2023,20,中证申万医药生物指数,4. 交互项+残差动量+Beta变化,healthcare_beta_x_healthcare_ma60,医药Beta×医药MA60位置,-0.007091773410329857
2023,20,中证申万医药生物指数,4. 交互项+残差动量+Beta变化,market_beta_change_60d,大盘Beta近期变化,0.0025024695693451207
2023,20,中证申万医药生物指数,4. 交互项+残差动量+Beta变化,healthcare_beta_change_60d,医药Beta近期变化,0.0015988123592809856
2023,20,中证申万医药生物指数,4. 交互项+残差动量+Beta变化,residual_momentum_20d,20日残差动量,-0.0009015520320714439
2023,20,中证申万医药生物指数,4. 交互项+残差动量+Beta变化,residual_volatility_60d,60日残差波动率,-0.002391677874999854
2023,20,中证申万医药生物指数,4. 交互项+残差动量+Beta变化,two_factor_r_squared_60d,双因子拟合度R²,0.003192773556398512
2024,20,中证申万医药生物指数,1. 趋势基线,stock_return_5d,个股5日收益,-0.0007991828597226998
2024,20,中证申万医药生物指数,1. 趋势基线,stock_return_20d,个股20日收益,-0.007687142131459796
2024,20,中证申万医药生物指数,1. 趋势基线,stock_return_60_ex_20d,个股60日剔除近20日收益,0.0008949634979932864
2024,20,中证申万医药生物指数,1. 趋势基线,stock_ma20_gap,个股距MA20,0.006688215120743089
2024,20,中证申万医药生物指数,1. 趋势基线,stock_ma60_gap,个股距MA60,-0.0011014086366142597
2024,20,中证申万医药生物指数,2. 指数状态+双Beta,market_beta_60d,60日大盘Beta,0.0015896517161502303
2024,20,中证申万医药生物指数,2. 指数状态+双Beta,healthcare_beta_60d,60日医药Beta,-0.0030822623993848964
2024,20,中证申万医药生物指数,2. 指数状态+双Beta,market_return_20d,沪深300 20日收益,5.226534828560159e-18
2024,20,中证申万医药生物指数,2. 指数状态+双Beta,healthcare_return_20d,医药指数20日收益,-9.108178043189952e-18
2024,20,中证申万医药生物指数,2. 指数状态+双Beta,healthcare_relative_20d,医药相对大盘20日强弱,8.735668544085266e-18
2024,20,中证申万医药生物指数,2. 指数状态+双Beta,market_ma60_gap,沪深300距MA60,3.5592821912753833e-19
2024,20,中证申万医药生物指数,2. 指数状态+双Beta,healthcare_ma60_gap,医药指数距MA60,1.6578293925889212e-18
2024,20,中证申万医药生物指数,3. 状态+双Beta+交互项,market_beta_60d,60日大盘Beta,0.00040712494533488695
2024,20,中证申万医药生物指数,3. 状态+双Beta+交互项,healthcare_beta_60d,60日医药Beta,-0.004087558193040756
2024,20,中证申万医药生物指数,3. 状态+双Beta+交互项,market_return_20d,沪深300 20日收益,2.992453231376682e-18
2024,20,中证申万医药生物指数,3. 状态+双Beta+交互项,healthcare_return_20d,医药指数20日收益,-6.511029040128728e-18
2024,20,中证申万医药生物指数,3. 状态+双Beta+交互项,healthcare_relative_20d,医药相对大盘20日强弱,6.750375097422375e-18
2024,20,中证申万医药生物指数,3. 状态+双Beta+交互项,market_ma60_gap,沪深300距MA60,1.0010593693112812e-18
2024,20,中证申万医药生物指数,3. 状态+双Beta+交互项,healthcare_ma60_gap,医药指数距MA60,1.3947987629450959e-18
2024,20,中证申万医药生物指数,3. 状态+双Beta+交互项,market_beta_x_market_return,大盘Beta×沪深300趋势,0.005565576599506884
2024,20,中证申万医药生物指数,3. 状态+双Beta+交互项,healthcare_beta_x_healthcare_return,医药Beta×医药趋势,0.0002843000443634625
2024,20,中证申万医药生物指数,3. 状态+双Beta+交互项,healthcare_beta_x_relative_strength,医药Beta×医药相对强弱,-0.002479971369872334
2024,20,中证申万医药生物指数,3. 状态+双Beta+交互项,market_beta_x_market_ma60,大盘Beta×大盘MA60位置,-0.009511791438879967
2024,20,中证申万医药生物指数,3. 状态+双Beta+交互项,healthcare_beta_x_healthcare_ma60,医药Beta×医药MA60位置,-0.005317390785579161
2024,20,中证申万医药生物指数,4. 交互项+残差动量+Beta变化,market_beta_60d,60日大盘Beta,-0.00244871120303198
2024,20,中证申万医药生物指数,4. 交互项+残差动量+Beta变化,healthcare_beta_60d,60日医药Beta,-0.0030806663102790934
2024,20,中证申万医药生物指数,4. 交互项+残差动量+Beta变化,market_return_20d,沪深300 20日收益,5.315952363372522e-18
2024,20,中证申万医药生物指数,4. 交互项+残差动量+Beta变化,healthcare_return_20d,医药指数20日收益,-9.951226686316127e-18
2024,20,中证申万医药生物指数,4. 交互项+残差动量+Beta变化,healthcare_relative_20d,医药相对大盘20日强弱,9.415784684507287e-18
2024,20,中证申万医药生物指数,4. 交互项+残差动量+Beta变化,market_ma60_gap,沪深300距MA60,8.267553831744442e-19
2024,20,中证申万医药生物指数,4. 交互项+残差动量+Beta变化,healthcare_ma60_gap,医药指数距MA60,1.8922621482000646e-18
2024,20,中证申万医药生物指数,4. 交互项+残差动量+Beta变化,market_beta_x_market_return,大盘Beta×沪深300趋势,0.005837649008472068
2024,20,中证申万医药生物指数,4. 交互项+残差动量+Beta变化,healthcare_beta_x_healthcare_return,医药Beta×医药趋势,0.0006390293907367049
2024,20,中证申万医药生物指数,4. 交互项+残差动量+Beta变化,healthcare_beta_x_relative_strength,医药Beta×医药相对强弱,-0.00263887079837679
2024,20,中证申万医药生物指数,4. 交互项+残差动量+Beta变化,market_beta_x_market_ma60,大盘Beta×大盘MA60位置,-0.009502452769191752
2024,20,中证申万医药生物指数,4. 交互项+残差动量+Beta变化,healthcare_beta_x_healthcare_ma60,医药Beta×医药MA60位置,-0.0054817310772604455
2024,20,中证申万医药生物指数,4. 交互项+残差动量+Beta变化,market_beta_change_60d,大盘Beta近期变化,0.004310704968326772
2024,20,中证申万医药生物指数,4. 交互项+残差动量+Beta变化,healthcare_beta_change_60d,医药Beta近期变化,0.0015199223381006477
2024,20,中证申万医药生物指数,4. 交互项+残差动量+Beta变化,residual_momentum_20d,20日残差动量,-0.002652568347104657
2024,20,中证申万医药生物指数,4. 交互项+残差动量+Beta变化,residual_volatility_60d,60日残差波动率,-0.00663101786415968
2024,20,中证申万医药生物指数,4. 交互项+残差动量+Beta变化,two_factor_r_squared_60d,双因子拟合度R²,-0.0003526634863230222
2025,20,中证申万医药生物指数,1. 趋势基线,stock_return_5d,个股5日收益,-0.003269656392538863
2025,20,中证申万医药生物指数,1. 趋势基线,stock_return_20d,个股20日收益,-0.010589837036903504
2025,20,中证申万医药生物指数,1. 趋势基线,stock_return_60_ex_20d,个股60日剔除近20日收益,-0.001232296662096962
2025,20,中证申万医药生物指数,1. 趋势基线,stock_ma20_gap,个股距MA20,0.005906802924733024
2025,20,中证申万医药生物指数,1. 趋势基线,stock_ma60_gap,个股距MA60,0.0024694120410856785
2025,20,中证申万医药生物指数,2. 指数状态+双Beta,market_beta_60d,60日大盘Beta,-4.173131061224626e-05
2025,20,中证申万医药生物指数,2. 指数状态+双Beta,healthcare_beta_60d,60日医药Beta,-0.004947042756219403
2025,20,中证申万医药生物指数,2. 指数状态+双Beta,market_return_20d,沪深300 20日收益,4.719557181433853e-17
2025,20,中证申万医药生物指数,2. 指数状态+双Beta,healthcare_return_20d,医药指数20日收益,-5.4987321705845415e-17
2025,20,中证申万医药生物指数,2. 指数状态+双Beta,healthcare_relative_20d,医药相对大盘20日强弱,2.1375791683457388e-17
2025,20,中证申万医药生物指数,2. 指数状态+双Beta,market_ma60_gap,沪深300距MA60,-2.5925190166970117e-17
2025,20,中证申万医药生物指数,2. 指数状态+双Beta,healthcare_ma60_gap,医药指数距MA60,2.9555371033457757e-17
2025,20,中证申万医药生物指数,3. 状态+双Beta+交互项,market_beta_60d,60日大盘Beta,-1.8526662681604224e-05
2025,20,中证申万医药生物指数,3. 状态+双Beta+交互项,healthcare_beta_60d,60日医药Beta,-0.005317505614181306
2025,20,中证申万医药生物指数,3. 状态+双Beta+交互项,market_return_20d,沪深300 20日收益,4.742833429928787e-17
2025,20,中证申万医药生物指数,3. 状态+双Beta+交互项,healthcare_return_20d,医药指数20日收益,-5.492020580999425e-17
2025,20,中证申万医药生物指数,3. 状态+双Beta+交互项,healthcare_relative_20d,医药相对大盘20日强弱,2.136964830641271e-17
2025,20,中证申万医药生物指数,3. 状态+双Beta+交互项,market_ma60_gap,沪深300距MA60,-2.5998202648348153e-17
2025,20,中证申万医药生物指数,3. 状态+双Beta+交互项,healthcare_ma60_gap,医药指数距MA60,2.932879175103274e-17
2025,20,中证申万医药生物指数,3. 状态+双Beta+交互项,market_beta_x_market_return,大盘Beta×沪深300趋势,0.00417214754768874
2025,20,中证申万医药生物指数,3. 状态+双Beta+交互项,healthcare_beta_x_healthcare_return,医药Beta×医药趋势,0.0009279974279547249
2025,20,中证申万医药生物指数,3. 状态+双Beta+交互项,healthcare_beta_x_relative_strength,医药Beta×医药相对强弱,-0.0027471750128776674
2025,20,中证申万医药生物指数,3. 状态+双Beta+交互项,market_beta_x_market_ma60,大盘Beta×大盘MA60位置,-0.00563505722336675
2025,20,中证申万医药生物指数,3. 状态+双Beta+交互项,healthcare_beta_x_healthcare_ma60,医药Beta×医药MA60位置,-0.0026704638591801104
2025,20,中证申万医药生物指数,4. 交互项+残差动量+Beta变化,market_beta_60d,60日大盘Beta,0.0005726318698598374
2025,20,中证申万医药生物指数,4. 交互项+残差动量+Beta变化,healthcare_beta_60d,60日医药Beta,-0.0033851558680381426
2025,20,中证申万医药生物指数,4. 交互项+残差动量+Beta变化,market_return_20d,沪深300 20日收益,4.6758541185944135e-17
2025,20,中证申万医药生物指数,4. 交互项+残差动量+Beta变化,healthcare_return_20d,医药指数20日收益,-5.395119337769063e-17
2025,20,中证申万医药生物指数,4. 交互项+残差动量+Beta变化,healthcare_relative_20d,医药相对大盘20日强弱,2.0768788820241095e-17
2025,20,中证申万医药生物指数,4. 交互项+残差动量+Beta变化,market_ma60_gap,沪深300距MA60,-2.6184734366885187e-17
2025,20,中证申万医药生物指数,4. 交互项+残差动量+Beta变化,healthcare_ma60_gap,医药指数距MA60,2.939920599925473e-17
2025,20,中证申万医药生物指数,4. 交互项+残差动量+Beta变化,market_beta_x_market_return,大盘Beta×沪深300趋势,0.0043736021323921475
2025,20,中证申万医药生物指数,4. 交互项+残差动量+Beta变化,healthcare_beta_x_healthcare_return,医药Beta×医药趋势,0.0013074425795191625
2025,20,中证申万医药生物指数,4. 交互项+残差动量+Beta变化,healthcare_beta_x_relative_strength,医药Beta×医药相对强弱,-0.0028859148726764977
2025,20,中证申万医药生物指数,4. 交互项+残差动量+Beta变化,market_beta_x_market_ma60,大盘Beta×大盘MA60位置,-0.005421125151698698
2025,20,中证申万医药生物指数,4. 交互项+残差动量+Beta变化,healthcare_beta_x_healthcare_ma60,医药Beta×医药MA60位置,-0.002731388670748733
2025,20,中证申万医药生物指数,4. 交互项+残差动量+Beta变化,market_beta_change_60d,大盘Beta近期变化,-0.0013148148567147446
2025,20,中证申万医药生物指数,4. 交互项+残差动量+Beta变化,healthcare_beta_change_60d,医药Beta近期变化,-0.002737269147993846
2025,20,中证申万医药生物指数,4. 交互项+残差动量+Beta变化,residual_momentum_20d,20日残差动量,-0.003917747405560858
2025,20,中证申万医药生物指数,4. 交互项+残差动量+Beta变化,residual_volatility_60d,60日残差波动率,-0.002543032467194573
2025,20,中证申万医药生物指数,4. 交互项+残差动量+Beta变化,two_factor_r_squared_60d,双因子拟合度R²,-0.0002450062105408921
2026,20,中证申万医药生物指数,1. 趋势基线,stock_return_5d,个股5日收益,-0.0030768420575478985
2026,20,中证申万医药生物指数,1. 趋势基线,stock_return_20d,个股20日收益,-0.006592768740050481
2026,20,中证申万医药生物指数,1. 趋势基线,stock_return_60_ex_20d,个股60日剔除近20日收益,-0.0011421636754714445
2026,20,中证申万医药生物指数,1. 趋势基线,stock_ma20_gap,个股距MA20,0.0030132404500694604
2026,20,中证申万医药生物指数,1. 趋势基线,stock_ma60_gap,个股距MA60,0.002281636149069549
2026,20,中证申万医药生物指数,2. 指数状态+双Beta,market_beta_60d,60日大盘Beta,0.0009127175800570399
2026,20,中证申万医药生物指数,2. 指数状态+双Beta,healthcare_beta_60d,60日医药Beta,-0.003519893236446882
2026,20,中证申万医药生物指数,2. 指数状态+双Beta,market_return_20d,沪深300 20日收益,-3.818381070829419e-17
2026,20,中证申万医药生物指数,2. 指数状态+双Beta,healthcare_return_20d,医药指数20日收益,4.695126315448683e-17
2026,20,中证申万医药生物指数,2. 指数状态+双Beta,healthcare_relative_20d,医药相对大盘20日强弱,-3.20272759546409e-17
2026,20,中证申万医药生物指数,2. 指数状态+双Beta,market_ma60_gap,沪深300距MA60,4.604459456131258e-18
2026,20,中证申万医药生物指数,2. 指数状态+双Beta,healthcare_ma60_gap,医药指数距MA60,-4.74931298170164e-18
2026,20,中证申万医药生物指数,3. 状态+双Beta+交互项,market_beta_60d,60日大盘Beta,0.0011168318513581888
2026,20,中证申万医药生物指数,3. 状态+双Beta+交互项,healthcare_beta_60d,60日医药Beta,-0.0034094377612059468
2026,20,中证申万医药生物指数,3. 状态+双Beta+交互项,market_return_20d,沪深300 20日收益,-3.7361406858148986e-17
2026,20,中证申万医药生物指数,3. 状态+双Beta+交互项,healthcare_return_20d,医药指数20日收益,4.610744630682253e-17
2026,20,中证申万医药生物指数,3. 状态+双Beta+交互项,healthcare_relative_20d,医药相对大盘20日强弱,-3.1697024451587906e-17
2026,20,中证申万医药生物指数,3. 状态+双Beta+交互项,market_ma60_gap,沪深300距MA60,4.077244833522965e-18
2026,20,中证申万医药生物指数,3. 状态+双Beta+交互项,healthcare_ma60_gap,医药指数距MA60,-4.2357488494932515e-18
2026,20,中证申万医药生物指数,3. 状态+双Beta+交互项,market_beta_x_market_return,大盘Beta×沪深300趋势,0.0018143030489192792
2026,20,中证申万医药生物指数,3. 状态+双Beta+交互项,healthcare_beta_x_healthcare_return,医药Beta×医药趋势,0.002840629526984216
2026,20,中证申万医药生物指数,3. 状态+双Beta+交互项,healthcare_beta_x_relative_strength,医药Beta×医药相对强弱,-0.0016869702913234817
2026,20,中证申万医药生物指数,3. 状态+双Beta+交互项,market_beta_x_market_ma60,大盘Beta×大盘MA60位置,-0.003917091969563744
2026,20,中证申万医药生物指数,3. 状态+双Beta+交互项,healthcare_beta_x_healthcare_ma60,医药Beta×医药MA60位置,-0.004091001958198167
2026,20,中证申万医药生物指数,4. 交互项+残差动量+Beta变化,market_beta_60d,60日大盘Beta,0.0035137964509329464
2026,20,中证申万医药生物指数,4. 交互项+残差动量+Beta变化,healthcare_beta_60d,60日医药Beta,0.0016906011192510937
2026,20,中证申万医药生物指数,4. 交互项+残差动量+Beta变化,market_return_20d,沪深300 20日收益,-3.8755323546971477e-17
2026,20,中证申万医药生物指数,4. 交互项+残差动量+Beta变化,healthcare_return_20d,医药指数20日收益,4.7571414400825815e-17
2026,20,中证申万医药生物指数,4. 交互项+残差动量+Beta变化,healthcare_relative_20d,医药相对大盘20日强弱,-3.254223444165907e-17
2026,20,中证申万医药生物指数,4. 交互项+残差动量+Beta变化,market_ma60_gap,沪深300距MA60,4.4620850290196535e-18
2026,20,中证申万医药生物指数,4. 交互项+残差动量+Beta变化,healthcare_ma60_gap,医药指数距MA60,-4.2747354304696084e-18
2026,20,中证申万医药生物指数,4. 交互项+残差动量+Beta变化,market_beta_x_market_return,大盘Beta×沪深300趋势,0.0020038878839846973
2026,20,中证申万医药生物指数,4. 交互项+残差动量+Beta变化,healthcare_beta_x_healthcare_return,医药Beta×医药趋势,0.0030605593717707297
2026,20,中证申万医药生物指数,4. 交互项+残差动量+Beta变化,healthcare_beta_x_relative_strength,医药Beta×医药相对强弱,-0.001868044796288179
2026,20,中证申万医药生物指数,4. 交互项+残差动量+Beta变化,market_beta_x_market_ma60,大盘Beta×大盘MA60位置,-0.0038112026263940144
2026,20,中证申万医药生物指数,4. 交互项+残差动量+Beta变化,healthcare_beta_x_healthcare_ma60,医药Beta×医药MA60位置,-0.0041016950219202744
2026,20,中证申万医药生物指数,4. 交互项+残差动量+Beta变化,market_beta_change_60d,大盘Beta近期变化,-0.002033010585302913
2026,20,中证申万医药生物指数,4. 交互项+残差动量+Beta变化,healthcare_beta_change_60d,医药Beta近期变化,-0.0035523369550778403
2026,20,中证申万医药生物指数,4. 交互项+残差动量+Beta变化,residual_momentum_20d,20日残差动量,-0.002865069884694941
2026,20,中证申万医药生物指数,4. 交互项+残差动量+Beta变化,residual_volatility_60d,60日残差波动率,-0.004613828696597388
2026,20,中证申万医药生物指数,4. 交互项+残差动量+Beta变化,two_factor_r_squared_60d,双因子拟合度R²,-0.0031377568663990803
2023,5,中证全指医药卫生ETF,4. 交互项+残差动量+Beta变化,market_beta_60d,60日大盘Beta,-0.00145146984442513
2023,5,中证全指医药卫生ETF,4. 交互项+残差动量+Beta变化,healthcare_beta_60d,60日医药Beta,-0.0035758087912423826
2023,5,中证全指医药卫生ETF,4. 交互项+残差动量+Beta变化,market_return_20d,沪深300 20日收益,-2.8997022783668794e-18
2023,5,中证全指医药卫生ETF,4. 交互项+残差动量+Beta变化,healthcare_return_20d,医药指数20日收益,-3.877960433419793e-18
2023,5,中证全指医药卫生ETF,4. 交互项+残差动量+Beta变化,healthcare_relative_20d,医药相对大盘20日强弱,4.26520331681266e-18
2023,5,中证全指医药卫生ETF,4. 交互项+残差动量+Beta变化,market_ma60_gap,沪深300距MA60,6.800675061039184e-18
2023,5,中证全指医药卫生ETF,4. 交互项+残差动量+Beta变化,healthcare_ma60_gap,医药指数距MA60,-1.7106002895962099e-18
2023,5,中证全指医药卫生ETF,4. 交互项+残差动量+Beta变化,market_beta_x_market_return,大盘Beta×沪深300趋势,0.0019530432576785983
2023,5,中证全指医药卫生ETF,4. 交互项+残差动量+Beta变化,healthcare_beta_x_healthcare_return,医药Beta×医药趋势,0.0010713283589157542
2023,5,中证全指医药卫生ETF,4. 交互项+残差动量+Beta变化,healthcare_beta_x_relative_strength,医药Beta×医药相对强弱,-0.0009567092793450722
2023,5,中证全指医药卫生ETF,4. 交互项+残差动量+Beta变化,market_beta_x_market_ma60,大盘Beta×大盘MA60位置,-0.001890244956517793
2023,5,中证全指医药卫生ETF,4. 交互项+残差动量+Beta变化,healthcare_beta_x_healthcare_ma60,医药Beta×医药MA60位置,-0.0017389168510731343
2023,5,中证全指医药卫生ETF,4. 交互项+残差动量+Beta变化,market_beta_change_60d,大盘Beta近期变化,0.0011380907350267418
2023,5,中证全指医药卫生ETF,4. 交互项+残差动量+Beta变化,healthcare_beta_change_60d,医药Beta近期变化,0.0016035379853931214
2023,5,中证全指医药卫生ETF,4. 交互项+残差动量+Beta变化,residual_momentum_20d,20日残差动量,-0.0008393473586900879
2023,5,中证全指医药卫生ETF,4. 交互项+残差动量+Beta变化,residual_volatility_60d,60日残差波动率,-9.858377200116868e-05
2023,5,中证全指医药卫生ETF,4. 交互项+残差动量+Beta变化,two_factor_r_squared_60d,双因子拟合度R²,0.0020117289295059934
2024,5,中证全指医药卫生ETF,4. 交互项+残差动量+Beta变化,market_beta_60d,60日大盘Beta,-0.001110138445374226
2024,5,中证全指医药卫生ETF,4. 交互项+残差动量+Beta变化,healthcare_beta_60d,60日医药Beta,-0.001902479962092785
2024,5,中证全指医药卫生ETF,4. 交互项+残差动量+Beta变化,market_return_20d,沪深300 20日收益,6.483054385259558e-19
2024,5,中证全指医药卫生ETF,4. 交互项+残差动量+Beta变化,healthcare_return_20d,医药指数20日收益,-5.287437976366615e-19
2024,5,中证全指医药卫生ETF,4. 交互项+残差动量+Beta变化,healthcare_relative_20d,医药相对大盘20日强弱,4.911676757166373e-19
2024,5,中证全指医药卫生ETF,4. 交互项+残差动量+Beta变化,market_ma60_gap,沪深300距MA60,-3.408401066917501e-19
2024,5,中证全指医药卫生ETF,4. 交互项+残差动量+Beta变化,healthcare_ma60_gap,医药指数距MA60,-1.0113335369333736e-19
2024,5,中证全指医药卫生ETF,4. 交互项+残差动量+Beta变化,market_beta_x_market_return,大盘Beta×沪深300趋势,0.0012154410147941575
2024,5,中证全指医药卫生ETF,4. 交互项+残差动量+Beta变化,healthcare_beta_x_healthcare_return,医药Beta×医药趋势,0.00047794125576093593
2024,5,中证全指医药卫生ETF,4. 交互项+残差动量+Beta变化,healthcare_beta_x_relative_strength,医药Beta×医药相对强弱,-0.00047466396282098343
2024,5,中证全指医药卫生ETF,4. 交互项+残差动量+Beta变化,market_beta_x_market_ma60,大盘Beta×大盘MA60位置,-0.001255035217922277
2024,5,中证全指医药卫生ETF,4. 交互项+残差动量+Beta变化,healthcare_beta_x_healthcare_ma60,医药Beta×医药MA60位置,-0.0010886478921696887
2024,5,中证全指医药卫生ETF,4. 交互项+残差动量+Beta变化,market_beta_change_60d,大盘Beta近期变化,0.0016624730069114968
2024,5,中证全指医药卫生ETF,4. 交互项+残差动量+Beta变化,healthcare_beta_change_60d,医药Beta近期变化,0.0014439122208779083
2024,5,中证全指医药卫生ETF,4. 交互项+残差动量+Beta变化,residual_momentum_20d,20日残差动量,-0.000728272134690903
2024,5,中证全指医药卫生ETF,4. 交互项+残差动量+Beta变化,residual_volatility_60d,60日残差波动率,-0.0009810040404577755
2024,5,中证全指医药卫生ETF,4. 交互项+残差动量+Beta变化,two_factor_r_squared_60d,双因子拟合度R²,0.001111699771920687
2025,5,中证全指医药卫生ETF,4. 交互项+残差动量+Beta变化,market_beta_60d,60日大盘Beta,-0.0007883083371394366
2025,5,中证全指医药卫生ETF,4. 交互项+残差动量+Beta变化,healthcare_beta_60d,60日医药Beta,-0.002272078854741353
2025,5,中证全指医药卫生ETF,4. 交互项+残差动量+Beta变化,market_return_20d,沪深300 20日收益,7.243485237299162e-19
2025,5,中证全指医药卫生ETF,4. 交互项+残差动量+Beta变化,healthcare_return_20d,医药指数20日收益,-1.0024116093413672e-18
2025,5,中证全指医药卫生ETF,4. 交互项+残差动量+Beta变化,healthcare_relative_20d,医药相对大盘20日强弱,8.693112116257048e-19
2025,5,中证全指医药卫生ETF,4. 交互项+残差动量+Beta变化,market_ma60_gap,沪深300距MA60,-7.76335511975462e-20
2025,5,中证全指医药卫生ETF,4. 交互项+残差动量+Beta变化,healthcare_ma60_gap,医药指数距MA60,1.8810317402560101e-19
2025,5,中证全指医药卫生ETF,4. 交互项+残差动量+Beta变化,market_beta_x_market_return,大盘Beta×沪深300趋势,0.000940067091098597
2025,5,中证全指医药卫生ETF,4. 交互项+残差动量+Beta变化,healthcare_beta_x_healthcare_return,医药Beta×医药趋势,-0.00027968621754991197
2025,5,中证全指医药卫生ETF,4. 交互项+残差动量+Beta变化,healthcare_beta_x_relative_strength,医药Beta×医药相对强弱,9.615325366655238e-05
2025,5,中证全指医药卫生ETF,4. 交互项+残差动量+Beta变化,market_beta_x_market_ma60,大盘Beta×大盘MA60位置,-0.0012064671719115116
2025,5,中证全指医药卫生ETF,4. 交互项+残差动量+Beta变化,healthcare_beta_x_healthcare_ma60,医药Beta×医药MA60位置,-0.001006321683714523
2025,5,中证全指医药卫生ETF,4. 交互项+残差动量+Beta变化,market_beta_change_60d,大盘Beta近期变化,0.00044911085777782806
2025,5,中证全指医药卫生ETF,4. 交互项+残差动量+Beta变化,healthcare_beta_change_60d,医药Beta近期变化,0.0004799194024398698
2025,5,中证全指医药卫生ETF,4. 交互项+残差动量+Beta变化,residual_momentum_20d,20日残差动量,-0.0009463496309520089
2025,5,中证全指医药卫生ETF,4. 交互项+残差动量+Beta变化,residual_volatility_60d,60日残差波动率,-0.0003011807556703878
2025,5,中证全指医药卫生ETF,4. 交互项+残差动量+Beta变化,two_factor_r_squared_60d,双因子拟合度R²,0.0009233595617132681
2026,5,中证全指医药卫生ETF,4. 交互项+残差动量+Beta变化,market_beta_60d,60日大盘Beta,0.0001069295498534695
2026,5,中证全指医药卫生ETF,4. 交互项+残差动量+Beta变化,healthcare_beta_60d,60日医药Beta,-0.0006869737535033359
2026,5,中证全指医药卫生ETF,4. 交互项+残差动量+Beta变化,market_return_20d,沪深300 20日收益,1.388137896030573e-18
2026,5,中证全指医药卫生ETF,4. 交互项+残差动量+Beta变化,healthcare_return_20d,医药指数20日收益,-1.648371579139186e-18
2026,5,中证全指医药卫生ETF,4. 交互项+残差动量+Beta变化,healthcare_relative_20d,医药相对大盘20日强弱,9.584205628011859e-19
2026,5,中证全指医药卫生ETF,4. 交互项+残差动量+Beta变化,market_ma60_gap,沪深300距MA60,-4.820471333179385e-19
2026,5,中证全指医药卫生ETF,4. 交互项+残差动量+Beta变化,healthcare_ma60_gap,医药指数距MA60,5.474301781615628e-19
2026,5,中证全指医药卫生ETF,4. 交互项+残差动量+Beta变化,market_beta_x_market_return,大盘Beta×沪深300趋势,0.0004607939899330365
2026,5,中证全指医药卫生ETF,4. 交互项+残差动量+Beta变化,healthcare_beta_x_healthcare_return,医药Beta×医药趋势,-0.00022965780933346345
2026,5,中证全指医药卫生ETF,4. 交互项+残差动量+Beta变化,healthcare_beta_x_relative_strength,医药Beta×医药相对强弱,-0.0001012369819753055
2026,5,中证全指医药卫生ETF,4. 交互项+残差动量+Beta变化,market_beta_x_market_ma60,大盘Beta×大盘MA60位置,-0.000841279090941863
2026,5,中证全指医药卫生ETF,4. 交互项+残差动量+Beta变化,healthcare_beta_x_healthcare_ma60,医药Beta×医药MA60位置,-0.0005191210452183821
2026,5,中证全指医药卫生ETF,4. 交互项+残差动量+Beta变化,market_beta_change_60d,大盘Beta近期变化,0.00010054701932756259
2026,5,中证全指医药卫生ETF,4. 交互项+残差动量+Beta变化,healthcare_beta_change_60d,医药Beta近期变化,5.188220498105772e-05
2026,5,中证全指医药卫生ETF,4. 交互项+残差动量+Beta变化,residual_momentum_20d,20日残差动量,-0.0006968450279484443
2026,5,中证全指医药卫生ETF,4. 交互项+残差动量+Beta变化,residual_volatility_60d,60日残差波动率,-0.0007657489060923532
2026,5,中证全指医药卫生ETF,4. 交互项+残差动量+Beta变化,two_factor_r_squared_60d,双因子拟合度R²,0.00010602939597683876
2023,20,中证全指医药卫生ETF,4. 交互项+残差动量+Beta变化,market_beta_60d,60日大盘Beta,-0.009608468713441022
2023,20,中证全指医药卫生ETF,4. 交互项+残差动量+Beta变化,healthcare_beta_60d,60日医药Beta,-0.016764980212731446
2023,20,中证全指医药卫生ETF,4. 交互项+残差动量+Beta变化,market_return_20d,沪深300 20日收益,1.9783483141934295e-17
2023,20,中证全指医药卫生ETF,4. 交互项+残差动量+Beta变化,healthcare_return_20d,医药指数20日收益,-1.779642818971257e-17
2023,20,中证全指医药卫生ETF,4. 交互项+残差动量+Beta变化,healthcare_relative_20d,医药相对大盘20日强弱,1.5803070260413506e-17
2023,20,中证全指医药卫生ETF,4. 交互项+残差动量+Beta变化,market_ma60_gap,沪深300距MA60,-6.600276337816729e-18
2023,20,中证全指医药卫生ETF,4. 交互项+残差动量+Beta变化,healthcare_ma60_gap,医药指数距MA60,4.391072695548944e-18
2023,20,中证全指医药卫生ETF,4. 交互项+残差动量+Beta变化,market_beta_x_market_return,大盘Beta×沪深300趋势,0.006867822078530452
2023,20,中证全指医药卫生ETF,4. 交互项+残差动量+Beta变化,healthcare_beta_x_healthcare_return,医药Beta×医药趋势,-0.0035627472520119215
2023,20,中证全指医药卫生ETF,4. 交互项+残差动量+Beta变化,healthcare_beta_x_relative_strength,医药Beta×医药相对强弱,-0.004117861332636329
2023,20,中证全指医药卫生ETF,4. 交互项+残差动量+Beta变化,market_beta_x_market_ma60,大盘Beta×大盘MA60位置,-0.010003545881095297
2023,20,中证全指医药卫生ETF,4. 交互项+残差动量+Beta变化,healthcare_beta_x_healthcare_ma60,医药Beta×医药MA60位置,-0.0015989232391020573
2023,20,中证全指医药卫生ETF,4. 交互项+残差动量+Beta变化,market_beta_change_60d,大盘Beta近期变化,0.004786747351318172
2023,20,中证全指医药卫生ETF,4. 交互项+残差动量+Beta变化,healthcare_beta_change_60d,医药Beta近期变化,0.005641911677283639
2023,20,中证全指医药卫生ETF,4. 交互项+残差动量+Beta变化,residual_momentum_20d,20日残差动量,-0.00042658949249788
2023,20,中证全指医药卫生ETF,4. 交互项+残差动量+Beta变化,residual_volatility_60d,60日残差波动率,0.00037714919210059245
2023,20,中证全指医药卫生ETF,4. 交互项+残差动量+Beta变化,two_factor_r_squared_60d,双因子拟合度R²,0.007573714572522849
2024,20,中证全指医药卫生ETF,4. 交互项+残差动量+Beta变化,market_beta_60d,60日大盘Beta,-0.0062700074261659395
2024,20,中证全指医药卫生ETF,4. 交互项+残差动量+Beta变化,healthcare_beta_60d,60日医药Beta,-0.008569364530243305
2024,20,中证全指医药卫生ETF,4. 交互项+残差动量+Beta变化,market_return_20d,沪深300 20日收益,9.719706878085687e-18
2024,20,中证全指医药卫生ETF,4. 交互项+残差动量+Beta变化,healthcare_return_20d,医药指数20日收益,-2.4005216653231425e-17
2024,20,中证全指医药卫生ETF,4. 交互项+残差动量+Beta变化,healthcare_relative_20d,医药相对大盘20日强弱,1.873183030747692e-17
2024,20,中证全指医药卫生ETF,4. 交互项+残差动量+Beta变化,market_ma60_gap,沪深300距MA60,2.31061025747431e-18
2024,20,中证全指医药卫生ETF,4. 交互项+残差动量+Beta变化,healthcare_ma60_gap,医药指数距MA60,7.96774947699743e-18
2024,20,中证全指医药卫生ETF,4. 交互项+残差动量+Beta变化,market_beta_x_market_return,大盘Beta×沪深300趋势,0.00600161248946402
2024,20,中证全指医药卫生ETF,4. 交互项+残差动量+Beta变化,healthcare_beta_x_healthcare_return,医药Beta×医药趋势,-0.002524925337692911
2024,20,中证全指医药卫生ETF,4. 交互项+残差动量+Beta变化,healthcare_beta_x_relative_strength,医药Beta×医药相对强弱,-0.0036003798219523234
2024,20,中证全指医药卫生ETF,4. 交互项+残差动量+Beta变化,market_beta_x_market_ma60,大盘Beta×大盘MA60位置,-0.008137366958905988
2024,20,中证全指医药卫生ETF,4. 交互项+残差动量+Beta变化,healthcare_beta_x_healthcare_ma60,医药Beta×医药MA60位置,-0.00022263295887888832
2024,20,中证全指医药卫生ETF,4. 交互项+残差动量+Beta变化,market_beta_change_60d,大盘Beta近期变化,0.006331868367179405
2024,20,中证全指医药卫生ETF,4. 交互项+残差动量+Beta变化,healthcare_beta_change_60d,医药Beta近期变化,0.004659853305797602
2024,20,中证全指医药卫生ETF,4. 交互项+残差动量+Beta变化,residual_momentum_20d,20日残差动量,-0.002476459899119019
2024,20,中证全指医药卫生ETF,4. 交互项+残差动量+Beta变化,residual_volatility_60d,60日残差波动率,-0.0038905058296868507
2024,20,中证全指医药卫生ETF,4. 交互项+残差动量+Beta变化,two_factor_r_squared_60d,双因子拟合度R²,0.003973922732581615
2025,20,中证全指医药卫生ETF,4. 交互项+残差动量+Beta变化,market_beta_60d,60日大盘Beta,-0.0034917108565611756
2025,20,中证全指医药卫生ETF,4. 交互项+残差动量+Beta变化,healthcare_beta_60d,60日医药Beta,-0.008369689588019733
2025,20,中证全指医药卫生ETF,4. 交互项+残差动量+Beta变化,market_return_20d,沪深300 20日收益,-5.0152632162534715e-18
2025,20,中证全指医药卫生ETF,4. 交互项+残差动量+Beta变化,healthcare_return_20d,医药指数20日收益,1.1713482531341769e-17
2025,20,中证全指医药卫生ETF,4. 交互项+残差动量+Beta变化,healthcare_relative_20d,医药相对大盘20日强弱,-6.7566185334034215e-18
2025,20,中证全指医药卫生ETF,4. 交互项+残差动量+Beta变化,market_ma60_gap,沪深300距MA60,1.525664977644025e-18
2025,20,中证全指医药卫生ETF,4. 交互项+残差动量+Beta变化,healthcare_ma60_gap,医药指数距MA60,-6.381097206280701e-18
2025,20,中证全指医药卫生ETF,4. 交互项+残差动量+Beta变化,market_beta_x_market_return,大盘Beta×沪深300趋势,0.0029578411043202028
2025,20,中证全指医药卫生ETF,4. 交互项+残差动量+Beta变化,healthcare_beta_x_healthcare_return,医药Beta×医药趋势,-0.0010415838432194524
2025,20,中证全指医药卫生ETF,4. 交互项+残差动量+Beta变化,healthcare_beta_x_relative_strength,医药Beta×医药相对强弱,-0.0037320550809179644
2025,20,中证全指医药卫生ETF,4. 交互项+残差动量+Beta变化,market_beta_x_market_ma60,大盘Beta×大盘MA60位置,-0.004532919239100487
2025,20,中证全指医药卫生ETF,4. 交互项+残差动量+Beta变化,healthcare_beta_x_healthcare_ma60,医药Beta×医药MA60位置,0.0004604449093427297
2025,20,中证全指医药卫生ETF,4. 交互项+残差动量+Beta变化,market_beta_change_60d,大盘Beta近期变化,5.188775841109262e-05
2025,20,中证全指医药卫生ETF,4. 交互项+残差动量+Beta变化,healthcare_beta_change_60d,医药Beta近期变化,8.933886825282708e-06
2025,20,中证全指医药卫生ETF,4. 交互项+残差动量+Beta变化,residual_momentum_20d,20日残差动量,-0.0035183670639415726
2025,20,中证全指医药卫生ETF,4. 交互项+残差动量+Beta变化,residual_volatility_60d,60日残差波动率,-0.00011888159477366267
2025,20,中证全指医药卫生ETF,4. 交互项+残差动量+Beta变化,two_factor_r_squared_60d,双因子拟合度R²,0.0035374693108871764
2026,20,中证全指医药卫生ETF,4. 交互项+残差动量+Beta变化,market_beta_60d,60日大盘Beta,-0.0003536029417235657
2026,20,中证全指医药卫生ETF,4. 交互项+残差动量+Beta变化,healthcare_beta_60d,60日医药Beta,-0.0031840510719061883
2026,20,中证全指医药卫生ETF,4. 交互项+残差动量+Beta变化,market_return_20d,沪深300 20日收益,-1.701711556090842e-17
2026,20,中证全指医药卫生ETF,4. 交互项+残差动量+Beta变化,healthcare_return_20d,医药指数20日收益,2.9852485156678083e-17
2026,20,中证全指医药卫生ETF,4. 交互项+残差动量+Beta变化,healthcare_relative_20d,医药相对大盘20日强弱,-1.541542269084253e-17
2026,20,中证全指医药卫生ETF,4. 交互项+残差动量+Beta变化,market_ma60_gap,沪深300距MA60,8.601594311497489e-18
2026,20,中证全指医药卫生ETF,4. 交互项+残差动量+Beta变化,healthcare_ma60_gap,医药指数距MA60,-1.6119491450717204e-17
2026,20,中证全指医药卫生ETF,4. 交互项+残差动量+Beta变化,market_beta_x_market_return,大盘Beta×沪深300趋势,-0.0010327845767865336
2026,20,中证全指医药卫生ETF,4. 交互项+残差动量+Beta变化,healthcare_beta_x_healthcare_return,医药Beta×医药趋势,-0.0004809528038336334
2026,20,中证全指医药卫生ETF,4. 交互项+残差动量+Beta变化,healthcare_beta_x_relative_strength,医药Beta×医药相对强弱,-0.0012187385687606076
2026,20,中证全指医药卫生ETF,4. 交互项+残差动量+Beta变化,market_beta_x_market_ma60,大盘Beta×大盘MA60位置,-0.001699048703955421
2026,20,中证全指医药卫生ETF,4. 交互项+残差动量+Beta变化,healthcare_beta_x_healthcare_ma60,医药Beta×医药MA60位置,-0.0006172957196784422
2026,20,中证全指医药卫生ETF,4. 交互项+残差动量+Beta变化,market_beta_change_60d,大盘Beta近期变化,-0.0011118638209529537
2026,20,中证全指医药卫生ETF,4. 交互项+残差动量+Beta变化,healthcare_beta_change_60d,医药Beta近期变化,-0.0012559315550139416
2026,20,中证全指医药卫生ETF,4. 交互项+残差动量+Beta变化,residual_momentum_20d,20日残差动量,-0.002480503181673605
2026,20,中证全指医药卫生ETF,4. 交互项+残差动量+Beta变化,residual_volatility_60d,60日残差波动率,-0.0025272481402084553
2026,20,中证全指医药卫生ETF,4. 交互项+残差动量+Beta变化,two_factor_r_squared_60d,双因子拟合度R²,0.0002994517345288893
